category,identity,position,seed_decimal,seed_hex,source_path,disposition
HISTORICAL_VECTOR,pest-control-v10-goldfish-sample-1-seeds,1,610197561887920389,0x0877db7317239105,gym/src/test/resources/pest-control-v10-goldfish-sample-1-seeds.csv,REJECTED_RETIRED
HISTORICAL_VECTOR,pest-control-v10-goldfish-sample-1-seeds,2,1041262761124718853,0x0e734ef6e2ae6905,gym/src/test/resources/pest-control-v10-goldfish-sample-1-seeds.csv,REJECTED_RETIRED
HISTORICAL_VECTOR,pest-control-v10-goldfish-sample-1-seeds,3,455809787364648433,0x06535c962d0425f1,gym/src/test/resources/pest-control-v10-goldfish-sample-1-seeds.csv,REJECTED_RETIRED
HISTORICAL_VECTOR,pest-control-v10-goldfish-sample-1-seeds,4,265188032315482543,0x03ae231c40d961af,gym/src/test/resources/pest-control-v10-goldfish-sample-1-seeds.csv,REJECTED_RETIRED
HISTORICAL_VECTOR,pest-control-v10-goldfish-sample-1-seeds,5,399038344897118472,0x0589ab42af5a4108,gym/src/test/resources/pest-control-v10-goldfish-sample-1-seeds.csv,REJECTED_RETIRED
HISTORICAL_VECTOR,pest-control-v10-goldfish-sample-1-seeds,6,955300288777554635,0x0d41e88d1e6a0acb,gym/src/test/resources/pest-control-v10-goldfish-sample-1-seeds.csv,REJECTED_RETIRED
HISTORICAL_VECTOR,pest-control-v10-goldfish-sample-1-seeds,7,2542263918091644,0x0009082cf1c35d7c,gym/src/test/resources/pest-control-v10-goldfish-sample-1-seeds.csv,REJECTED_RETIRED
HISTORICAL_VECTOR,pest-control-v10-goldfish-sample-1-seeds,8,606036222036323922,0x086912bba77eae52,gym/src/test/resources/pest-control-v10-goldfish-sample-1-seeds.csv,REJECTED_RETIRED
HISTORICAL_VECTOR,pest-control-v10-goldfish-sample-1-seeds,9,329371397004974791,0x0492298a5da7dac7,gym/src/test/resources/pest-control-v10-goldfish-sample-1-seeds.csv,REJECTED_RETIRED
HISTORICAL_VECTOR,pest-control-v10-goldfish-sample-1-seeds,10,771625276674734572,0x0ab55d19d3e8f9ec,gym/src/test/resources/pest-control-v10-goldfish-sample-1-seeds.csv,REJECTED_RETIRED
HISTORICAL_VECTOR,pest-control-v10-goldfish-sample-1-seeds,11,1019811783868325126,0x0e27196a0b3a9d06,gym/src/test/resources/pest-control-v10-goldfish-sample-1-seeds.csv,REJECTED_RETIRED
HISTORICAL_VECTOR,pest-control-v10-goldfish-sample-1-seeds,12,531904530157530717,0x0761b45a1e75ee5d,gym/src/test/resources/pest-control-v10-goldfish-sample-1-seeds.csv,REJECTED_RETIRED
HISTORICAL_VECTOR,pest-control-v10-goldfish-sample-1-seeds,13,382834808922020973,0x05501a3af9739c6d,gym/src/test/resources/pest-control-v10-goldfish-sample-1-seeds.csv,REJECTED_RETIRED
HISTORICAL_VECTOR,pest-control-v10-goldfish-sample-1-seeds,14,598944242493432933,0x084fe09d7e162465,gym/src/test/resources/pest-control-v10-goldfish-sample-1-seeds.csv,REJECTED_RETIRED
HISTORICAL_VECTOR,pest-control-v10-goldfish-sample-1-seeds,15,683393288303289574,0x097be6932f3424e6,gym/src/test/resources/pest-control-v10-goldfish-sample-1-seeds.csv,REJECTED_RETIRED
HISTORICAL_VECTOR,pest-control-v10-goldfish-sample-1-seeds,16,517435659665530349,0x072e4cfdb07bdded,gym/src/test/resources/pest-control-v10-goldfish-sample-1-seeds.csv,REJECTED_RETIRED
HISTORICAL_VECTOR,pest-control-v10-goldfish-sample-1-seeds,17,1049651473880553728,0x0e911c74469d9900,gym/src/test/resources/pest-control-v10-goldfish-sample-1-seeds.csv,REJECTED_RETIRED
HISTORICAL_VECTOR,pest-control-v10-goldfish-sample-1-seeds,18,165937644464139285,0x024d876891266c15,gym/src/test/resources/pest-control-v10-goldfish-sample-1-seeds.csv,REJECTED_RETIRED
HISTORICAL_VECTOR,pest-control-v10-goldfish-sample-1-seeds,19,295004708674928620,0x0418113833a2ffec,gym/src/test/resources/pest-control-v10-goldfish-sample-1-seeds.csv,REJECTED_RETIRED
HISTORICAL_VECTOR,pest-control-v10-goldfish-sample-1-seeds,20,1122177812705059451,0x0f92c6c66d1c227b,gym/src/test/resources/pest-control-v10-goldfish-sample-1-seeds.csv,REJECTED_RETIRED
HISTORICAL_VECTOR,pest-control-v10-goldfish-sample-1-seeds,21,1114155931311780910,0x0f7646ea9e3bb42e,gym/src/test/resources/pest-control-v10-goldfish-sample-1-seeds.csv,REJECTED_RETIRED
HISTORICAL_VECTOR,pest-control-v10-goldfish-sample-1-seeds,22,731071747951602814,0x0a2549e1a1faac7e,gym/src/test/resources/pest-control-v10-goldfish-sample-1-seeds.csv,REJECTED_RETIRED
HISTORICAL_VECTOR,pest-control-v10-goldfish-sample-1-seeds,23,193268922409138413,0x02aea10f9a51b8ed,gym/src/test/resources/pest-control-v10-goldfish-sample-1-seeds.csv,REJECTED_RETIRED
HISTORICAL_VECTOR,pest-control-v10-goldfish-sample-1-seeds,24,631505467144565654,0x08c38ee062de7396,gym/src/test/resources/pest-control-v10-goldfish-sample-1-seeds.csv,REJECTED_RETIRED
HISTORICAL_VECTOR,pest-control-v10-goldfish-sample-1-seeds,25,973342235684333809,0x0d82019b3ad968f1,gym/src/test/resources/pest-control-v10-goldfish-sample-1-seeds.csv,REJECTED_RETIRED
HISTORICAL_VECTOR,pest-control-v10-goldfish-sample-1-seeds,26,43824411144167241,0x009bb211dabd1f49,gym/src/test/resources/pest-control-v10-goldfish-sample-1-seeds.csv,REJECTED_RETIRED
HISTORICAL_VECTOR,pest-control-v10-goldfish-sample-1-seeds,27,1042739674829419949,0x0e788e35a769f5ad,gym/src/test/resources/pest-control-v10-goldfish-sample-1-seeds.csv,REJECTED_RETIRED
HISTORICAL_VECTOR,pest-control-v10-goldfish-sample-1-seeds,28,1095792445237252447,0x0f35096c55ec515f,gym/src/test/resources/pest-control-v10-goldfish-sample-1-seeds.csv,REJECTED_RETIRED
HISTORICAL_VECTOR,pest-control-v10-goldfish-sample-1-seeds,29,151129546762488813,0x0218eb85a5d80bed,gym/src/test/resources/pest-control-v10-goldfish-sample-1-seeds.csv,REJECTED_RETIRED
HISTORICAL_VECTOR,pest-control-v10-goldfish-sample-1-seeds,30,877446501795770487,0x0c2d50f1c8f23077,gym/src/test/resources/pest-control-v10-goldfish-sample-1-seeds.csv,REJECTED_RETIRED
HISTORICAL_VECTOR,pest-control-v10-goldfish-sample-1-fresh-seeds,1,5810324873762534832,0x50a26bb0323b75b0,gym/src/test/resources/pest-control-v10-goldfish-sample-1-fresh-seeds.csv,REJECTED_RETIRED
HISTORICAL_VECTOR,pest-control-v10-goldfish-sample-1-fresh-seeds,2,1146110989004219566,0x0fe7cddf44c4a4ae,gym/src/test/resources/pest-control-v10-goldfish-sample-1-fresh-seeds.csv,REJECTED_RETIRED
HISTORICAL_VECTOR,pest-control-v10-goldfish-sample-1-fresh-seeds,3,4868941897504979344,0x4391f4dbe8ccf990,gym/src/test/resources/pest-control-v10-goldfish-sample-1-fresh-seeds.csv,REJECTED_RETIRED
HISTORICAL_VECTOR,pest-control-v10-goldfish-sample-1-fresh-seeds,4,9061138025197773012,0x7dbfa106a4b2a0d4,gym/src/test/resources/pest-control-v10-goldfish-sample-1-fresh-seeds.csv,REJECTED_RETIRED
HISTORICAL_VECTOR,pest-control-v10-goldfish-sample-1-fresh-seeds,5,8997885122446394788,0x7cdee8d8953085a4,gym/src/test/resources/pest-control-v10-goldfish-sample-1-fresh-seeds.csv,REJECTED_RETIRED
HISTORICAL_VECTOR,pest-control-v10-goldfish-sample-1-fresh-seeds,6,518373038118897999,0x0731a1881e37894f,gym/src/test/resources/pest-control-v10-goldfish-sample-1-fresh-seeds.csv,REJECTED_RETIRED
HISTORICAL_VECTOR,pest-control-v10-goldfish-sample-1-fresh-seeds,7,7849785314669668824,0x6cf00a275bf6a9d8,gym/src/test/resources/pest-control-v10-goldfish-sample-1-fresh-seeds.csv,REJECTED_RETIRED
HISTORICAL_VECTOR,pest-control-v10-goldfish-sample-1-fresh-seeds,8,7708351470615531657,0x6af990d269e61089,gym/src/test/resources/pest-control-v10-goldfish-sample-1-fresh-seeds.csv,REJECTED_RETIRED
HISTORICAL_VECTOR,pest-control-v10-goldfish-sample-1-fresh-seeds,9,4896205658585605279,0x43f2d11af340a49f,gym/src/test/resources/pest-control-v10-goldfish-sample-1-fresh-seeds.csv,REJECTED_RETIRED
HISTORICAL_VECTOR,pest-control-v10-goldfish-sample-1-fresh-seeds,10,3951544768773655923,0x36d6b507f0ce8d73,gym/src/test/resources/pest-control-v10-goldfish-sample-1-fresh-seeds.csv,REJECTED_RETIRED
HISTORICAL_VECTOR,pest-control-v10-goldfish-sample-1-fresh-seeds,11,6076246356924250547,0x545329de483b39b3,gym/src/test/resources/pest-control-v10-goldfish-sample-1-fresh-seeds.csv,REJECTED_RETIRED
HISTORICAL_VECTOR,pest-control-v10-goldfish-sample-1-fresh-seeds,12,674793948397828302,0x095d598556d5f8ce,gym/src/test/resources/pest-control-v10-goldfish-sample-1-fresh-seeds.csv,REJECTED_RETIRED
HISTORICAL_VECTOR,pest-control-v10-goldfish-sample-1-fresh-seeds,13,2530792910924075011,0x231f2ebe67b4d003,gym/src/test/resources/pest-control-v10-goldfish-sample-1-fresh-seeds.csv,REJECTED_RETIRED
HISTORICAL_VECTOR,pest-control-v10-goldfish-sample-1-fresh-seeds,14,4660341051124300156,0x40acdb7e946f397c,gym/src/test/resources/pest-control-v10-goldfish-sample-1-fresh-seeds.csv,REJECTED_RETIRED
HISTORICAL_VECTOR,pest-control-v10-goldfish-sample-1-fresh-seeds,15,772824419322892166,0x0ab99fb6fb7d0f86,gym/src/test/resources/pest-control-v10-goldfish-sample-1-fresh-seeds.csv,REJECTED_RETIRED
HISTORICAL_VECTOR,pest-control-v10-goldfish-sample-1-fresh-seeds,16,3075559682470158427,0x2aae953c7725a05b,gym/src/test/resources/pest-control-v10-goldfish-sample-1-fresh-seeds.csv,REJECTED_RETIRED
HISTORICAL_VECTOR,pest-control-v10-goldfish-sample-1-fresh-seeds,17,3485955415482382962,0x306099fb22ad3a72,gym/src/test/resources/pest-control-v10-goldfish-sample-1-fresh-seeds.csv,REJECTED_RETIRED
HISTORICAL_VECTOR,pest-control-v10-goldfish-sample-1-fresh-seeds,18,5680548171710554899,0x4ed55c77204d6313,gym/src/test/resources/pest-control-v10-goldfish-sample-1-fresh-seeds.csv,REJECTED_RETIRED
HISTORICAL_VECTOR,pest-control-v10-goldfish-sample-1-fresh-seeds,19,8870384169782881345,0x7b19ef67b5282c41,gym/src/test/resources/pest-control-v10-goldfish-sample-1-fresh-seeds.csv,REJECTED_RETIRED
HISTORICAL_VECTOR,pest-control-v10-goldfish-sample-1-fresh-seeds,20,3949502373917786899,0x36cf737bd4ee8313,gym/src/test/resources/pest-control-v10-goldfish-sample-1-fresh-seeds.csv,REJECTED_RETIRED
HISTORICAL_VECTOR,pest-control-v10-goldfish-sample-1-fresh-seeds,21,8122596986458870350,0x70b942ec7f8a124e,gym/src/test/resources/pest-control-v10-goldfish-sample-1-fresh-seeds.csv,REJECTED_RETIRED
HISTORICAL_VECTOR,pest-control-v10-goldfish-sample-1-fresh-seeds,22,3827767684727236101,0x351ef66dcae2e605,gym/src/test/resources/pest-control-v10-goldfish-sample-1-fresh-seeds.csv,REJECTED_RETIRED
HISTORICAL_VECTOR,pest-control-v10-goldfish-sample-1-fresh-seeds,23,7380178837809322426,0x666ba98d167ad9ba,gym/src/test/resources/pest-control-v10-goldfish-sample-1-fresh-seeds.csv,REJECTED_RETIRED
HISTORICAL_VECTOR,pest-control-v10-goldfish-sample-1-fresh-seeds,24,6057862067388367402,0x5411d97450ff422a,gym/src/test/resources/pest-control-v10-goldfish-sample-1-fresh-seeds.csv,REJECTED_RETIRED
HISTORICAL_VECTOR,pest-control-v10-goldfish-sample-1-fresh-seeds,25,7136607114328266107,0x630a525bef0fd57b,gym/src/test/resources/pest-control-v10-goldfish-sample-1-fresh-seeds.csv,REJECTED_RETIRED
HISTORICAL_VECTOR,pest-control-v10-goldfish-sample-1-fresh-seeds,26,6307445634022882001,0x57888c62c805bad1,gym/src/test/resources/pest-control-v10-goldfish-sample-1-fresh-seeds.csv,REJECTED_RETIRED
HISTORICAL_VECTOR,pest-control-v10-goldfish-sample-1-fresh-seeds,27,1476141015477975105,0x147c4e6ec1f2f841,gym/src/test/resources/pest-control-v10-goldfish-sample-1-fresh-seeds.csv,REJECTED_RETIRED
HISTORICAL_VECTOR,pest-control-v10-goldfish-sample-1-fresh-seeds,28,6927644651651742786,0x6023f01b3fd63c42,gym/src/test/resources/pest-control-v10-goldfish-sample-1-fresh-seeds.csv,REJECTED_RETIRED
HISTORICAL_VECTOR,pest-control-v10-goldfish-sample-1-fresh-seeds,29,7613896652307963368,0x69a9feaa455a1de8,gym/src/test/resources/pest-control-v10-goldfish-sample-1-fresh-seeds.csv,REJECTED_RETIRED
HISTORICAL_VECTOR,pest-control-v10-goldfish-sample-1-fresh-seeds,30,8080561444141456200,0x7023ebd21fc4db48,gym/src/test/resources/pest-control-v10-goldfish-sample-1-fresh-seeds.csv,REJECTED_RETIRED
HISTORICAL_VECTOR,pest-control-v10-goldfish-sample-1-performance-seeds,1,4614840509211411960,0x400b34fe1ea105f8,gym/src/test/resources/pest-control-v10-goldfish-sample-1-performance-seeds.csv,REJECTED_RETIRED
HISTORICAL_VECTOR,pest-control-v10-goldfish-sample-1-performance-seeds,2,4580825535398282464,0x3f925c8ddf7404e0,gym/src/test/resources/pest-control-v10-goldfish-sample-1-performance-seeds.csv,REJECTED_RETIRED
HISTORICAL_VECTOR,pest-control-v10-goldfish-sample-1-performance-seeds,3,305097547934037087,0x043bec9a7673745f,gym/src/test/resources/pest-control-v10-goldfish-sample-1-performance-seeds.csv,REJECTED_RETIRED
HISTORICAL_VECTOR,pest-control-v10-goldfish-sample-1-performance-seeds,4,5020120221537533553,0x45ab0cbe667ffe71,gym/src/test/resources/pest-control-v10-goldfish-sample-1-performance-seeds.csv,REJECTED_RETIRED
HISTORICAL_VECTOR,pest-control-v10-goldfish-sample-1-performance-seeds,5,7627089274519688102,0x69d8dd48fdf013a6,gym/src/test/resources/pest-control-v10-goldfish-sample-1-performance-seeds.csv,REJECTED_RETIRED
HISTORICAL_VECTOR,pest-control-v10-goldfish-sample-1-performance-seeds,6,9151808563317428208,0x7f01c16664e9cff0,gym/src/test/resources/pest-control-v10-goldfish-sample-1-performance-seeds.csv,REJECTED_RETIRED
HISTORICAL_VECTOR,pest-control-v10-goldfish-sample-1-performance-seeds,7,2053260132085890495,0x1c7ea53624737dbf,gym/src/test/resources/pest-control-v10-goldfish-sample-1-performance-seeds.csv,REJECTED_RETIRED
HISTORICAL_VECTOR,pest-control-v10-goldfish-sample-1-performance-seeds,8,1543853718576149106,0x156cdec700e5b272,gym/src/test/resources/pest-control-v10-goldfish-sample-1-performance-seeds.csv,REJECTED_RETIRED
HISTORICAL_VECTOR,pest-control-v10-goldfish-sample-1-performance-seeds,9,5376172952574385030,0x4a9c00d0f1425b86,gym/src/test/resources/pest-control-v10-goldfish-sample-1-performance-seeds.csv,REJECTED_RETIRED
HISTORICAL_VECTOR,pest-control-v10-goldfish-sample-1-performance-seeds,10,6090130936678989559,0x54847dd1ec5e3ef7,gym/src/test/resources/pest-control-v10-goldfish-sample-1-performance-seeds.csv,REJECTED_RETIRED
HISTORICAL_VECTOR,pest-control-v10-goldfish-sample-1-performance-seeds,11,6571974767622493874,0x5b34583b38f816b2,gym/src/test/resources/pest-control-v10-goldfish-sample-1-performance-seeds.csv,REJECTED_RETIRED
HISTORICAL_VECTOR,pest-control-v10-goldfish-sample-1-performance-seeds,12,6576488391531277046,0x5b4461592eb3aaf6,gym/src/test/resources/pest-control-v10-goldfish-sample-1-performance-seeds.csv,REJECTED_RETIRED
HISTORICAL_VECTOR,pest-control-v10-goldfish-sample-1-performance-seeds,13,5653100782439414240,0x4e73d935d0c8b9e0,gym/src/test/resources/pest-control-v10-goldfish-sample-1-performance-seeds.csv,REJECTED_RETIRED
HISTORICAL_VECTOR,pest-control-v10-goldfish-sample-1-performance-seeds,14,1499526452598620510,0x14cf635d2271415e,gym/src/test/resources/pest-control-v10-goldfish-sample-1-performance-seeds.csv,REJECTED_RETIRED
HISTORICAL_VECTOR,pest-control-v10-goldfish-sample-1-performance-seeds,15,5698918683450741742,0x4f16a05932eb13ee,gym/src/test/resources/pest-control-v10-goldfish-sample-1-performance-seeds.csv,REJECTED_RETIRED
HISTORICAL_VECTOR,pest-control-v10-goldfish-sample-1-performance-seeds,16,2356867603357021584,0x20b5469918b8b590,gym/src/test/resources/pest-control-v10-goldfish-sample-1-performance-seeds.csv,REJECTED_RETIRED
HISTORICAL_VECTOR,pest-control-v10-goldfish-sample-1-performance-seeds,17,4702594847158195274,0x4142f9191b72544a,gym/src/test/resources/pest-control-v10-goldfish-sample-1-performance-seeds.csv,REJECTED_RETIRED
HISTORICAL_VECTOR,pest-control-v10-goldfish-sample-1-performance-seeds,18,7178231470929991815,0x639e337dac4fd887,gym/src/test/resources/pest-control-v10-goldfish-sample-1-performance-seeds.csv,REJECTED_RETIRED
HISTORICAL_VECTOR,pest-control-v10-goldfish-sample-1-performance-seeds,19,7055448871996085500,0x61e9fd5e2241d4fc,gym/src/test/resources/pest-control-v10-goldfish-sample-1-performance-seeds.csv,REJECTED_RETIRED
HISTORICAL_VECTOR,pest-control-v10-goldfish-sample-1-performance-seeds,20,8266044087066276617,0x72b6e34d434db309,gym/src/test/resources/pest-control-v10-goldfish-sample-1-performance-seeds.csv,REJECTED_RETIRED
HISTORICAL_VECTOR,pest-control-v10-goldfish-sample-1-performance-seeds,21,2301252557879371235,0x1fefb10242dbe5e3,gym/src/test/resources/pest-control-v10-goldfish-sample-1-performance-seeds.csv,REJECTED_RETIRED
HISTORICAL_VECTOR,pest-control-v10-goldfish-sample-1-performance-seeds,22,1749268681515480478,0x1846a6990a72359e,gym/src/test/resources/pest-control-v10-goldfish-sample-1-performance-seeds.csv,REJECTED_RETIRED
HISTORICAL_VECTOR,pest-control-v10-goldfish-sample-1-performance-seeds,23,6517088257007916854,0x5a71593da0d39736,gym/src/test/resources/pest-control-v10-goldfish-sample-1-performance-seeds.csv,REJECTED_RETIRED
HISTORICAL_VECTOR,pest-control-v10-goldfish-sample-1-performance-seeds,24,7001496465089334120,0x612a4ff081cd8b68,gym/src/test/resources/pest-control-v10-goldfish-sample-1-performance-seeds.csv,REJECTED_RETIRED
HISTORICAL_VECTOR,pest-control-v10-goldfish-sample-1-performance-seeds,25,4000193249594195613,0x37838a910afa3e9d,gym/src/test/resources/pest-control-v10-goldfish-sample-1-performance-seeds.csv,REJECTED_RETIRED
HISTORICAL_VECTOR,pest-control-v10-goldfish-sample-1-performance-seeds,26,678357690116826228,0x096a02b99e116474,gym/src/test/resources/pest-control-v10-goldfish-sample-1-performance-seeds.csv,REJECTED_RETIRED
HISTORICAL_VECTOR,pest-control-v10-goldfish-sample-1-performance-seeds,27,2437947216252747667,0x21d554138de5bf93,gym/src/test/resources/pest-control-v10-goldfish-sample-1-performance-seeds.csv,REJECTED_RETIRED
HISTORICAL_VECTOR,pest-control-v10-goldfish-sample-1-performance-seeds,28,1300127302456494915,0x120afae4a9b4cb43,gym/src/test/resources/pest-control-v10-goldfish-sample-1-performance-seeds.csv,REJECTED_RETIRED
HISTORICAL_VECTOR,pest-control-v10-goldfish-sample-1-performance-seeds,29,8614695755351619196,0x778d8c2599cc767c,gym/src/test/resources/pest-control-v10-goldfish-sample-1-performance-seeds.csv,REJECTED_RETIRED
HISTORICAL_VECTOR,pest-control-v10-goldfish-sample-1-performance-seeds,30,4611050599838934599,0x3ffdbe1714c06647,gym/src/test/resources/pest-control-v10-goldfish-sample-1-performance-seeds.csv,REJECTED_RETIRED
HISTORICAL_VECTOR,pest-control-v10-goldfish-sample-1-untouched-seeds,1,2751824255104428778,0x2630719489cdaaea,gym/src/test/resources/pest-control-v10-goldfish-sample-1-untouched-seeds.csv,ACCEPTED_RETIRED
HISTORICAL_VECTOR,pest-control-v10-goldfish-sample-1-untouched-seeds,2,3739623276655940108,0x33e5cf8e86dc120c,gym/src/test/resources/pest-control-v10-goldfish-sample-1-untouched-seeds.csv,ACCEPTED_RETIRED
HISTORICAL_VECTOR,pest-control-v10-goldfish-sample-1-untouched-seeds,3,3668680873031839106,0x32e9c5d107552d82,gym/src/test/resources/pest-control-v10-goldfish-sample-1-untouched-seeds.csv,ACCEPTED_RETIRED
HISTORICAL_VECTOR,pest-control-v10-goldfish-sample-1-untouched-seeds,4,2660500731455255967,0x24ebff51bf0eb59f,gym/src/test/resources/pest-control-v10-goldfish-sample-1-untouched-seeds.csv,ACCEPTED_RETIRED
HISTORICAL_VECTOR,pest-control-v10-goldfish-sample-1-untouched-seeds,5,2637725174860868377,0x249b15123eafeb19,gym/src/test/resources/pest-control-v10-goldfish-sample-1-untouched-seeds.csv,ACCEPTED_RETIRED
HISTORICAL_VECTOR,pest-control-v10-goldfish-sample-1-untouched-seeds,6,7255935706823025641,0x64b24314ee4263e9,gym/src/test/resources/pest-control-v10-goldfish-sample-1-untouched-seeds.csv,ACCEPTED_RETIRED
HISTORICAL_VECTOR,pest-control-v10-goldfish-sample-1-untouched-seeds,7,8036751213790453938,0x6f8846a5fe2b60b2,gym/src/test/resources/pest-control-v10-goldfish-sample-1-untouched-seeds.csv,ACCEPTED_RETIRED
HISTORICAL_VECTOR,pest-control-v10-goldfish-sample-1-untouched-seeds,8,3039518609387779408,0x2a2e8a1238bf7550,gym/src/test/resources/pest-control-v10-goldfish-sample-1-untouched-seeds.csv,ACCEPTED_RETIRED
HISTORICAL_VECTOR,pest-control-v10-goldfish-sample-1-untouched-seeds,9,4346158641238202081,0x3c50a841dc7f56e1,gym/src/test/resources/pest-control-v10-goldfish-sample-1-untouched-seeds.csv,ACCEPTED_RETIRED
HISTORICAL_VECTOR,pest-control-v10-goldfish-sample-1-untouched-seeds,10,808927566010152735,0x0b39e355dd0e771f,gym/src/test/resources/pest-control-v10-goldfish-sample-1-untouched-seeds.csv,ACCEPTED_RETIRED
HISTORICAL_VECTOR,pest-control-v10-goldfish-sample-1-untouched-seeds,11,7072224719591095197,0x622596e986f6bb9d,gym/src/test/resources/pest-control-v10-goldfish-sample-1-untouched-seeds.csv,ACCEPTED_RETIRED
HISTORICAL_VECTOR,pest-control-v10-goldfish-sample-1-untouched-seeds,12,2226595380689509687,0x1ee674b3a4861d37,gym/src/test/resources/pest-control-v10-goldfish-sample-1-untouched-seeds.csv,ACCEPTED_RETIRED
HISTORICAL_VECTOR,pest-control-v10-goldfish-sample-1-untouched-seeds,13,1511354531907455734,0x14f968f074054af6,gym/src/test/resources/pest-control-v10-goldfish-sample-1-untouched-seeds.csv,ACCEPTED_RETIRED
HISTORICAL_VECTOR,pest-control-v10-goldfish-sample-1-untouched-seeds,14,5994560394080054175,0x5330f4eaf9c46b9f,gym/src/test/resources/pest-control-v10-goldfish-sample-1-untouched-seeds.csv,ACCEPTED_RETIRED
HISTORICAL_VECTOR,pest-control-v10-goldfish-sample-1-untouched-seeds,15,6668439795317283911,0x5c8b0ea9b5f71c47,gym/src/test/resources/pest-control-v10-goldfish-sample-1-untouched-seeds.csv,ACCEPTED_RETIRED
HISTORICAL_VECTOR,pest-control-v10-goldfish-sample-1-untouched-seeds,16,5328627630737351987,0x49f316990e6e6533,gym/src/test/resources/pest-control-v10-goldfish-sample-1-untouched-seeds.csv,ACCEPTED_RETIRED
HISTORICAL_VECTOR,pest-control-v10-goldfish-sample-1-untouched-seeds,17,3045389915954036528,0x2a4365fe4eff3f30,gym/src/test/resources/pest-control-v10-goldfish-sample-1-untouched-seeds.csv,ACCEPTED_RETIRED
HISTORICAL_VECTOR,pest-control-v10-goldfish-sample-1-untouched-seeds,18,7963443303659431509,0x6e83d57e17956655,gym/src/test/resources/pest-control-v10-goldfish-sample-1-untouched-seeds.csv,ACCEPTED_RETIRED
HISTORICAL_VECTOR,pest-control-v10-goldfish-sample-1-untouched-seeds,19,456872421651267556,0x0657230c00323fe4,gym/src/test/resources/pest-control-v10-goldfish-sample-1-untouched-seeds.csv,ACCEPTED_RETIRED
HISTORICAL_VECTOR,pest-control-v10-goldfish-sample-1-untouched-seeds,20,8882050388627180691,0x7b4361c4f33e4c93,gym/src/test/resources/pest-control-v10-goldfish-sample-1-untouched-seeds.csv,ACCEPTED_RETIRED
HISTORICAL_VECTOR,pest-control-v10-goldfish-sample-1-untouched-seeds,21,1525782368285415234,0x152caafae234d742,gym/src/test/resources/pest-control-v10-goldfish-sample-1-untouched-seeds.csv,ACCEPTED_RETIRED
HISTORICAL_VECTOR,pest-control-v10-goldfish-sample-1-untouched-seeds,22,6774815857954687669,0x5e04fb20d8128ab5,gym/src/test/resources/pest-control-v10-goldfish-sample-1-untouched-seeds.csv,ACCEPTED_RETIRED
HISTORICAL_VECTOR,pest-control-v10-goldfish-sample-1-untouched-seeds,23,1964632187468245719,0x1b43c690c057ead7,gym/src/test/resources/pest-control-v10-goldfish-sample-1-untouched-seeds.csv,ACCEPTED_RETIRED
HISTORICAL_VECTOR,pest-control-v10-goldfish-sample-1-untouched-seeds,24,7635641161264263387,0x69f73f2e4981f0db,gym/src/test/resources/pest-control-v10-goldfish-sample-1-untouched-seeds.csv,ACCEPTED_RETIRED
HISTORICAL_VECTOR,pest-control-v10-goldfish-sample-1-untouched-seeds,25,3464039109638298261,0x3012bd378a0d1a95,gym/src/test/resources/pest-control-v10-goldfish-sample-1-untouched-seeds.csv,ACCEPTED_RETIRED
HISTORICAL_VECTOR,pest-control-v10-goldfish-sample-1-untouched-seeds,26,2844158041819629167,0x27787aab87bac66f,gym/src/test/resources/pest-control-v10-goldfish-sample-1-untouched-seeds.csv,ACCEPTED_RETIRED
HISTORICAL_VECTOR,pest-control-v10-goldfish-sample-1-untouched-seeds,27,9028791814031757707,0x7d4cb6517a51518b,gym/src/test/resources/pest-control-v10-goldfish-sample-1-untouched-seeds.csv,ACCEPTED_RETIRED
HISTORICAL_VECTOR,pest-control-v10-goldfish-sample-1-untouched-seeds,28,9009977001820619764,0x7d09de58a3f503f4,gym/src/test/resources/pest-control-v10-goldfish-sample-1-untouched-seeds.csv,ACCEPTED_RETIRED
HISTORICAL_VECTOR,pest-control-v10-goldfish-sample-1-untouched-seeds,29,840347600890516125,0x0ba983b0ceee529d,gym/src/test/resources/pest-control-v10-goldfish-sample-1-untouched-seeds.csv,ACCEPTED_RETIRED
HISTORICAL_VECTOR,pest-control-v10-goldfish-sample-1-untouched-seeds,30,5257259784956326924,0x48f589eb9644b40c,gym/src/test/resources/pest-control-v10-goldfish-sample-1-untouched-seeds.csv,ACCEPTED_RETIRED
HISTORICAL_VECTOR,pest-control-v10-goldfish-sample-2-seeds,1,4018321687069031862,0x37c3f248ceff7db6,gym/src/test/resources/pest-control-v10-goldfish-sample-2-seeds.csv,REJECTED_RETIRED
HISTORICAL_VECTOR,pest-control-v10-goldfish-sample-2-seeds,2,1008162432338173357,0x0dfdb66407691dad,gym/src/test/resources/pest-control-v10-goldfish-sample-2-seeds.csv,REJECTED_RETIRED
HISTORICAL_VECTOR,pest-control-v10-goldfish-sample-2-seeds,3,4066252240450644792,0x386e3ade67326b38,gym/src/test/resources/pest-control-v10-goldfish-sample-2-seeds.csv,REJECTED_RETIRED
HISTORICAL_VECTOR,pest-control-v10-goldfish-sample-2-seeds,4,3498413081582952922,0x308cdc298d54e1da,gym/src/test/resources/pest-control-v10-goldfish-sample-2-seeds.csv,REJECTED_RETIRED
HISTORICAL_VECTOR,pest-control-v10-goldfish-sample-2-seeds,5,4522466153279733977,0x3ec307015ef740d9,gym/src/test/resources/pest-control-v10-goldfish-sample-2-seeds.csv,REJECTED_RETIRED
HISTORICAL_VECTOR,pest-control-v10-goldfish-sample-2-seeds,6,834404035707939726,0x0b94660cb3862b8e,gym/src/test/resources/pest-control-v10-goldfish-sample-2-seeds.csv,REJECTED_RETIRED
HISTORICAL_VECTOR,pest-control-v10-goldfish-sample-2-seeds,7,275069136473499356,0x03d13dec182d26dc,gym/src/test/resources/pest-control-v10-goldfish-sample-2-seeds.csv,REJECTED_RETIRED
HISTORICAL_VECTOR,pest-control-v10-goldfish-sample-2-seeds,8,7726810251259769704,0x6b3b24fc312f7368,gym/src/test/resources/pest-control-v10-goldfish-sample-2-seeds.csv,REJECTED_RETIRED
HISTORICAL_VECTOR,pest-control-v10-goldfish-sample-2-seeds,9,1857956177987958735,0x19c8c94ccd36f7cf,gym/src/test/resources/pest-control-v10-goldfish-sample-2-seeds.csv,REJECTED_RETIRED
HISTORICAL_VECTOR,pest-control-v10-goldfish-sample-2-seeds,10,7139167438941505804,0x63136af5f624c90c,gym/src/test/resources/pest-control-v10-goldfish-sample-2-seeds.csv,REJECTED_RETIRED
HISTORICAL_VECTOR,pest-control-v10-goldfish-sample-2-seeds,11,1398276688289539661,0x1367ad3d5735264d,gym/src/test/resources/pest-control-v10-goldfish-sample-2-seeds.csv,REJECTED_RETIRED
HISTORICAL_VECTOR,pest-control-v10-goldfish-sample-2-seeds,12,964182934406351739,0x0d61774537c8cb7b,gym/src/test/resources/pest-control-v10-goldfish-sample-2-seeds.csv,REJECTED_RETIRED
HISTORICAL_VECTOR,pest-control-v10-goldfish-sample-2-seeds,13,3086584034343031185,0x2ad5bfd368689191,gym/src/test/resources/pest-control-v10-goldfish-sample-2-seeds.csv,REJECTED_RETIRED
HISTORICAL_VECTOR,pest-control-v10-goldfish-sample-2-seeds,14,4237793222455678879,0x3acfaa7ba807579f,gym/src/test/resources/pest-control-v10-goldfish-sample-2-seeds.csv,REJECTED_RETIRED
HISTORICAL_VECTOR,pest-control-v10-goldfish-sample-2-seeds,15,6201770024354156816,0x56111cfa904b9110,gym/src/test/resources/pest-control-v10-goldfish-sample-2-seeds.csv,REJECTED_RETIRED
HISTORICAL_VECTOR,pest-control-v10-goldfish-sample-2-seeds,16,8302947660766889780,0x7339fee814abc734,gym/src/test/resources/pest-control-v10-goldfish-sample-2-seeds.csv,REJECTED_RETIRED
HISTORICAL_VECTOR,pest-control-v10-goldfish-sample-2-seeds,17,8106619916224083192,0x70807fdcf3a4b4f8,gym/src/test/resources/pest-control-v10-goldfish-sample-2-seeds.csv,REJECTED_RETIRED
HISTORICAL_VECTOR,pest-control-v10-goldfish-sample-2-seeds,18,6603776235070233470,0x5ba5537f5b871b7e,gym/src/test/resources/pest-control-v10-goldfish-sample-2-seeds.csv,REJECTED_RETIRED
HISTORICAL_VECTOR,pest-control-v10-goldfish-sample-2-seeds,19,4799685579646935504,0x429be89ad86ba1d0,gym/src/test/resources/pest-control-v10-goldfish-sample-2-seeds.csv,REJECTED_RETIRED
HISTORICAL_VECTOR,pest-control-v10-goldfish-sample-2-seeds,20,1639475143667068568,0x16c095f4f45bae98,gym/src/test/resources/pest-control-v10-goldfish-sample-2-seeds.csv,REJECTED_RETIRED
HISTORICAL_VECTOR,pest-control-v10-goldfish-sample-2-seeds,21,4232981636027411413,0x3abe925ee42a6bd5,gym/src/test/resources/pest-control-v10-goldfish-sample-2-seeds.csv,REJECTED_RETIRED
HISTORICAL_VECTOR,pest-control-v10-goldfish-sample-2-seeds,22,5812782417519323092,0x50ab26cfb0e027d4,gym/src/test/resources/pest-control-v10-goldfish-sample-2-seeds.csv,REJECTED_RETIRED
HISTORICAL_VECTOR,pest-control-v10-goldfish-sample-2-seeds,23,7325568707115850148,0x65a9a5ed355b99a4,gym/src/test/resources/pest-control-v10-goldfish-sample-2-seeds.csv,REJECTED_RETIRED
HISTORICAL_VECTOR,pest-control-v10-goldfish-sample-2-seeds,24,3985294434690785760,0x374e9c2c6115e1e0,gym/src/test/resources/pest-control-v10-goldfish-sample-2-seeds.csv,REJECTED_RETIRED
HISTORICAL_VECTOR,pest-control-v10-goldfish-sample-2-seeds,25,7247030269064028522,0x64929fa22010a16a,gym/src/test/resources/pest-control-v10-goldfish-sample-2-seeds.csv,REJECTED_RETIRED
HISTORICAL_VECTOR,pest-control-v10-goldfish-sample-2-seeds,26,2882389432681038875,0x28004deadf4b041b,gym/src/test/resources/pest-control-v10-goldfish-sample-2-seeds.csv,REJECTED_RETIRED
HISTORICAL_VECTOR,pest-control-v10-goldfish-sample-2-seeds,27,8385320644245292346,0x745ea4b2d7fd853a,gym/src/test/resources/pest-control-v10-goldfish-sample-2-seeds.csv,REJECTED_RETIRED
HISTORICAL_VECTOR,pest-control-v10-goldfish-sample-2-seeds,28,1254249001754846091,0x1167fcd2617c638b,gym/src/test/resources/pest-control-v10-goldfish-sample-2-seeds.csv,REJECTED_RETIRED
HISTORICAL_VECTOR,pest-control-v10-goldfish-sample-2-seeds,29,7116131343776739616,0x62c193c118d5f120,gym/src/test/resources/pest-control-v10-goldfish-sample-2-seeds.csv,REJECTED_RETIRED
HISTORICAL_VECTOR,pest-control-v10-goldfish-sample-2-seeds,30,1660643643446054446,0x170bca98621cce2e,gym/src/test/resources/pest-control-v10-goldfish-sample-2-seeds.csv,REJECTED_RETIRED
HISTORICAL_VECTOR,pest-control-v10-goldfish-sample-2-take-2-seeds,1,868585285296501216,0x0c0dd5b70b3ab1e0,gym/src/test/resources/pest-control-v10-goldfish-sample-2-take-2-seeds.csv,REJECTED_RETIRED
HISTORICAL_VECTOR,pest-control-v10-goldfish-sample-2-take-2-seeds,2,4294357454969788628,0x3b989f5a520658d4,gym/src/test/resources/pest-control-v10-goldfish-sample-2-take-2-seeds.csv,REJECTED_RETIRED
HISTORICAL_VECTOR,pest-control-v10-goldfish-sample-2-take-2-seeds,3,4884047844540277294,0x43c79fa347d5e22e,gym/src/test/resources/pest-control-v10-goldfish-sample-2-take-2-seeds.csv,REJECTED_RETIRED
HISTORICAL_VECTOR,pest-control-v10-goldfish-sample-2-take-2-seeds,4,1851773901847105718,0x19b2d28d77ef90b6,gym/src/test/resources/pest-control-v10-goldfish-sample-2-take-2-seeds.csv,REJECTED_RETIRED
HISTORICAL_VECTOR,pest-control-v10-goldfish-sample-2-take-2-seeds,5,210222205538287941,0x02eadbfb6d024145,gym/src/test/resources/pest-control-v10-goldfish-sample-2-take-2-seeds.csv,REJECTED_RETIRED
HISTORICAL_VECTOR,pest-control-v10-goldfish-sample-2-take-2-seeds,6,2791702878306470301,0x26be1efa0be4899d,gym/src/test/resources/pest-control-v10-goldfish-sample-2-take-2-seeds.csv,REJECTED_RETIRED
HISTORICAL_VECTOR,pest-control-v10-goldfish-sample-2-take-2-seeds,7,7789451183564234805,0x6c19b094c797a035,gym/src/test/resources/pest-control-v10-goldfish-sample-2-take-2-seeds.csv,REJECTED_RETIRED
HISTORICAL_VECTOR,pest-control-v10-goldfish-sample-2-take-2-seeds,8,1263772289331614674,0x1189d2338e97d3d2,gym/src/test/resources/pest-control-v10-goldfish-sample-2-take-2-seeds.csv,REJECTED_RETIRED
HISTORICAL_VECTOR,pest-control-v10-goldfish-sample-2-take-2-seeds,9,321301269468772842,0x04757dcd609179ea,gym/src/test/resources/pest-control-v10-goldfish-sample-2-take-2-seeds.csv,REJECTED_RETIRED
HISTORICAL_VECTOR,pest-control-v10-goldfish-sample-2-take-2-seeds,10,1969545520733464711,0x1b553b374c47a887,gym/src/test/resources/pest-control-v10-goldfish-sample-2-take-2-seeds.csv,REJECTED_RETIRED
HISTORICAL_VECTOR,pest-control-v10-goldfish-sample-2-take-2-seeds,11,4656101826952534930,0x409dcbf1498d9b92,gym/src/test/resources/pest-control-v10-goldfish-sample-2-take-2-seeds.csv,REJECTED_RETIRED
HISTORICAL_VECTOR,pest-control-v10-goldfish-sample-2-take-2-seeds,12,7777902598101495238,0x6bf0a934316d6dc6,gym/src/test/resources/pest-control-v10-goldfish-sample-2-take-2-seeds.csv,REJECTED_RETIRED
HISTORICAL_VECTOR,pest-control-v10-goldfish-sample-2-take-2-seeds,13,5124059852269510846,0x471c5149865d60be,gym/src/test/resources/pest-control-v10-goldfish-sample-2-take-2-seeds.csv,REJECTED_RETIRED
HISTORICAL_VECTOR,pest-control-v10-goldfish-sample-2-take-2-seeds,14,1301566765926976221,0x12101813de880add,gym/src/test/resources/pest-control-v10-goldfish-sample-2-take-2-seeds.csv,REJECTED_RETIRED
HISTORICAL_VECTOR,pest-control-v10-goldfish-sample-2-take-2-seeds,15,2124918300194738908,0x1d7d39ef8bd592dc,gym/src/test/resources/pest-control-v10-goldfish-sample-2-take-2-seeds.csv,REJECTED_RETIRED
HISTORICAL_VECTOR,pest-control-v10-goldfish-sample-2-take-2-seeds,16,1823345682011475519,0x194dd33cbf094e3f,gym/src/test/resources/pest-control-v10-goldfish-sample-2-take-2-seeds.csv,REJECTED_RETIRED
HISTORICAL_VECTOR,pest-control-v10-goldfish-sample-2-take-2-seeds,17,7094054745271541432,0x6273253475159eb8,gym/src/test/resources/pest-control-v10-goldfish-sample-2-take-2-seeds.csv,REJECTED_RETIRED
HISTORICAL_VECTOR,pest-control-v10-goldfish-sample-2-take-2-seeds,18,5121110159146734996,0x4711d68e9395d594,gym/src/test/resources/pest-control-v10-goldfish-sample-2-take-2-seeds.csv,REJECTED_RETIRED
HISTORICAL_VECTOR,pest-control-v10-goldfish-sample-2-take-2-seeds,19,8781624075513805423,0x79de9891d404ba6f,gym/src/test/resources/pest-control-v10-goldfish-sample-2-take-2-seeds.csv,REJECTED_RETIRED
HISTORICAL_VECTOR,pest-control-v10-goldfish-sample-2-take-2-seeds,20,1471249987634951243,0x146aee1198c7744b,gym/src/test/resources/pest-control-v10-goldfish-sample-2-take-2-seeds.csv,REJECTED_RETIRED
HISTORICAL_VECTOR,pest-control-v10-goldfish-sample-2-take-2-seeds,21,7071017242208773959,0x62214cb7ca842747,gym/src/test/resources/pest-control-v10-goldfish-sample-2-take-2-seeds.csv,REJECTED_RETIRED
HISTORICAL_VECTOR,pest-control-v10-goldfish-sample-2-take-2-seeds,22,2986945289331223446,0x2973c2ea461d2b96,gym/src/test/resources/pest-control-v10-goldfish-sample-2-take-2-seeds.csv,REJECTED_RETIRED
HISTORICAL_VECTOR,pest-control-v10-goldfish-sample-2-take-2-seeds,23,477709041544470036,0x06a129d79f401e14,gym/src/test/resources/pest-control-v10-goldfish-sample-2-take-2-seeds.csv,REJECTED_RETIRED
HISTORICAL_VECTOR,pest-control-v10-goldfish-sample-2-take-2-seeds,24,2936154240697027711,0x28bf50b9ba80cc7f,gym/src/test/resources/pest-control-v10-goldfish-sample-2-take-2-seeds.csv,REJECTED_RETIRED
HISTORICAL_VECTOR,pest-control-v10-goldfish-sample-2-take-2-seeds,25,6485373009556738969,0x5a00ac6426891399,gym/src/test/resources/pest-control-v10-goldfish-sample-2-take-2-seeds.csv,REJECTED_RETIRED
HISTORICAL_VECTOR,pest-control-v10-goldfish-sample-2-take-2-seeds,26,2657923479746580721,0x24e2d752927710f1,gym/src/test/resources/pest-control-v10-goldfish-sample-2-take-2-seeds.csv,REJECTED_RETIRED
HISTORICAL_VECTOR,pest-control-v10-goldfish-sample-2-take-2-seeds,27,2175063975135831683,0x1e2f612951b86683,gym/src/test/resources/pest-control-v10-goldfish-sample-2-take-2-seeds.csv,REJECTED_RETIRED
HISTORICAL_VECTOR,pest-control-v10-goldfish-sample-2-take-2-seeds,28,609002488249261737,0x08739c89536d1ea9,gym/src/test/resources/pest-control-v10-goldfish-sample-2-take-2-seeds.csv,REJECTED_RETIRED
HISTORICAL_VECTOR,pest-control-v10-goldfish-sample-2-take-2-seeds,29,8152897859437654206,0x7124e96841d2f0be,gym/src/test/resources/pest-control-v10-goldfish-sample-2-take-2-seeds.csv,REJECTED_RETIRED
HISTORICAL_VECTOR,pest-control-v10-goldfish-sample-2-take-2-seeds,30,7134571271310495000,0x630316c54b2b4d18,gym/src/test/resources/pest-control-v10-goldfish-sample-2-take-2-seeds.csv,REJECTED_RETIRED
HISTORICAL_VECTOR,pest-control-v10-goldfish-sample-2-take-3-seeds,1,6464144593514116237,0x59b54142612bb48d,gym/src/test/resources/pest-control-v10-goldfish-sample-2-take-3-seeds.csv,REJECTED_RETIRED
HISTORICAL_VECTOR,pest-control-v10-goldfish-sample-2-take-3-seeds,2,9198288749621614580,0x7fa6e2e216ab17f4,gym/src/test/resources/pest-control-v10-goldfish-sample-2-take-3-seeds.csv,REJECTED_RETIRED
HISTORICAL_VECTOR,pest-control-v10-goldfish-sample-2-take-3-seeds,3,7685010608932564085,0x6aa6a46e9088ac75,gym/src/test/resources/pest-control-v10-goldfish-sample-2-take-3-seeds.csv,REJECTED_RETIRED
HISTORICAL_VECTOR,pest-control-v10-goldfish-sample-2-take-3-seeds,4,8022506598162361906,0x6f55ab3ef7b1ee32,gym/src/test/resources/pest-control-v10-goldfish-sample-2-take-3-seeds.csv,REJECTED_RETIRED
HISTORICAL_VECTOR,pest-control-v10-goldfish-sample-2-take-3-seeds,5,4560917413428689766,0x3f4ba239054f7b66,gym/src/test/resources/pest-control-v10-goldfish-sample-2-take-3-seeds.csv,REJECTED_RETIRED
HISTORICAL_VECTOR,pest-control-v10-goldfish-sample-2-take-3-seeds,6,7047050336935326643,0x61cc26f1cf53b3b3,gym/src/test/resources/pest-control-v10-goldfish-sample-2-take-3-seeds.csv,REJECTED_RETIRED
HISTORICAL_VECTOR,pest-control-v10-goldfish-sample-2-take-3-seeds,7,8864186236560789154,0x7b03ea6aed1ccea2,gym/src/test/resources/pest-control-v10-goldfish-sample-2-take-3-seeds.csv,REJECTED_RETIRED
HISTORICAL_VECTOR,pest-control-v10-goldfish-sample-2-take-3-seeds,8,789037568865122613,0x0af3397d06a4b935,gym/src/test/resources/pest-control-v10-goldfish-sample-2-take-3-seeds.csv,REJECTED_RETIRED
HISTORICAL_VECTOR,pest-control-v10-goldfish-sample-2-take-3-seeds,9,3860622833081775195,0x3593b0032199f45b,gym/src/test/resources/pest-control-v10-goldfish-sample-2-take-3-seeds.csv,REJECTED_RETIRED
HISTORICAL_VECTOR,pest-control-v10-goldfish-sample-2-take-3-seeds,10,5154911205796706596,0x4789ec6e06317924,gym/src/test/resources/pest-control-v10-goldfish-sample-2-take-3-seeds.csv,REJECTED_RETIRED
HISTORICAL_VECTOR,pest-control-v10-goldfish-sample-2-take-3-seeds,11,9058594047427047820,0x7db6974aa95b718c,gym/src/test/resources/pest-control-v10-goldfish-sample-2-take-3-seeds.csv,REJECTED_RETIRED
HISTORICAL_VECTOR,pest-control-v10-goldfish-sample-2-take-3-seeds,12,6507978838546986420,0x5a50fc45dd5a35b4,gym/src/test/resources/pest-control-v10-goldfish-sample-2-take-3-seeds.csv,REJECTED_RETIRED
HISTORICAL_VECTOR,pest-control-v10-goldfish-sample-2-take-3-seeds,13,8661200687055234550,0x7832c422c84be5f6,gym/src/test/resources/pest-control-v10-goldfish-sample-2-take-3-seeds.csv,REJECTED_RETIRED
HISTORICAL_VECTOR,pest-control-v10-goldfish-sample-2-take-3-seeds,14,5918821366148864669,0x5223e0ac5a4b9a9d,gym/src/test/resources/pest-control-v10-goldfish-sample-2-take-3-seeds.csv,REJECTED_RETIRED
HISTORICAL_VECTOR,pest-control-v10-goldfish-sample-2-take-3-seeds,15,8329738442098073301,0x73992cfaf12bded5,gym/src/test/resources/pest-control-v10-goldfish-sample-2-take-3-seeds.csv,REJECTED_RETIRED
HISTORICAL_VECTOR,pest-control-v10-goldfish-sample-2-take-3-seeds,16,907725756815478652,0x0c98e3c438758f7c,gym/src/test/resources/pest-control-v10-goldfish-sample-2-take-3-seeds.csv,REJECTED_RETIRED
HISTORICAL_VECTOR,pest-control-v10-goldfish-sample-2-take-3-seeds,17,7637435827476228325,0x69fd9f6b938fe8e5,gym/src/test/resources/pest-control-v10-goldfish-sample-2-take-3-seeds.csv,REJECTED_RETIRED
HISTORICAL_VECTOR,pest-control-v10-goldfish-sample-2-take-3-seeds,18,4507748394676701035,0x3e8ebd48298ac76b,gym/src/test/resources/pest-control-v10-goldfish-sample-2-take-3-seeds.csv,REJECTED_RETIRED
HISTORICAL_VECTOR,pest-control-v10-goldfish-sample-2-take-3-seeds,19,7173889940303280324,0x638ec6e44d8678c4,gym/src/test/resources/pest-control-v10-goldfish-sample-2-take-3-seeds.csv,REJECTED_RETIRED
HISTORICAL_VECTOR,pest-control-v10-goldfish-sample-2-take-3-seeds,20,3137578043986793904,0x2b8aea9b7ee5d5b0,gym/src/test/resources/pest-control-v10-goldfish-sample-2-take-3-seeds.csv,REJECTED_RETIRED
HISTORICAL_VECTOR,pest-control-v10-goldfish-sample-2-take-3-seeds,21,3684829184111265644,0x3323249eb0f1c76c,gym/src/test/resources/pest-control-v10-goldfish-sample-2-take-3-seeds.csv,REJECTED_RETIRED
HISTORICAL_VECTOR,pest-control-v10-goldfish-sample-2-take-3-seeds,22,6778599670585140992,0x5e126c7c5fcea700,gym/src/test/resources/pest-control-v10-goldfish-sample-2-take-3-seeds.csv,REJECTED_RETIRED
HISTORICAL_VECTOR,pest-control-v10-goldfish-sample-2-take-3-seeds,23,4944740687146276596,0x449f3f74e3c656f4,gym/src/test/resources/pest-control-v10-goldfish-sample-2-take-3-seeds.csv,REJECTED_RETIRED
HISTORICAL_VECTOR,pest-control-v10-goldfish-sample-2-take-3-seeds,24,3653904548311231936,0x32b546d3d5466dc0,gym/src/test/resources/pest-control-v10-goldfish-sample-2-take-3-seeds.csv,REJECTED_RETIRED
HISTORICAL_VECTOR,pest-control-v10-goldfish-sample-2-take-3-seeds,25,6308184618924696280,0x578b2c7d1c96e2d8,gym/src/test/resources/pest-control-v10-goldfish-sample-2-take-3-seeds.csv,REJECTED_RETIRED
HISTORICAL_VECTOR,pest-control-v10-goldfish-sample-2-take-3-seeds,26,3349065043608012733,0x2e7a44e9bdef07bd,gym/src/test/resources/pest-control-v10-goldfish-sample-2-take-3-seeds.csv,REJECTED_RETIRED
HISTORICAL_VECTOR,pest-control-v10-goldfish-sample-2-take-3-seeds,27,1466881394010603835,0x145b68db21a1c13b,gym/src/test/resources/pest-control-v10-goldfish-sample-2-take-3-seeds.csv,REJECTED_RETIRED
HISTORICAL_VECTOR,pest-control-v10-goldfish-sample-2-take-3-seeds,28,7038575343802996198,0x61ae0afbb43355e6,gym/src/test/resources/pest-control-v10-goldfish-sample-2-take-3-seeds.csv,REJECTED_RETIRED
HISTORICAL_VECTOR,pest-control-v10-goldfish-sample-2-take-3-seeds,29,5367635443123486782,0x4a7dabff1f2c003e,gym/src/test/resources/pest-control-v10-goldfish-sample-2-take-3-seeds.csv,REJECTED_RETIRED
HISTORICAL_VECTOR,pest-control-v10-goldfish-sample-2-take-3-seeds,30,7038881782712658930,0x61af21b0128e6bf2,gym/src/test/resources/pest-control-v10-goldfish-sample-2-take-3-seeds.csv,REJECTED_RETIRED
HISTORICAL_VECTOR,pest-control-v10-goldfish-sample-2-take-4-seeds,1,2258900883425437875,0x1f593a62a363a8b3,gym/src/test/resources/pest-control-v10-goldfish-sample-2-take-4-seeds.csv,REJECTED_RETIRED
HISTORICAL_VECTOR,pest-control-v10-goldfish-sample-2-take-4-seeds,2,4886165308664483150,0x43cf2575d0c88d4e,gym/src/test/resources/pest-control-v10-goldfish-sample-2-take-4-seeds.csv,REJECTED_RETIRED
HISTORICAL_VECTOR,pest-control-v10-goldfish-sample-2-take-4-seeds,3,1953769654301762767,0x1b1d2f26299824cf,gym/src/test/resources/pest-control-v10-goldfish-sample-2-take-4-seeds.csv,REJECTED_RETIRED
HISTORICAL_VECTOR,pest-control-v10-goldfish-sample-2-take-4-seeds,4,355794896508069828,0x04f00992c342a7c4,gym/src/test/resources/pest-control-v10-goldfish-sample-2-take-4-seeds.csv,REJECTED_RETIRED
HISTORICAL_VECTOR,pest-control-v10-goldfish-sample-2-take-4-seeds,5,4299238530671455609,0x3ba9f6aa51582d79,gym/src/test/resources/pest-control-v10-goldfish-sample-2-take-4-seeds.csv,REJECTED_RETIRED
HISTORICAL_VECTOR,pest-control-v10-goldfish-sample-2-take-4-seeds,6,8192587515441638812,0x71b1eaf06932ed9c,gym/src/test/resources/pest-control-v10-goldfish-sample-2-take-4-seeds.csv,REJECTED_RETIRED
HISTORICAL_VECTOR,pest-control-v10-goldfish-sample-2-take-4-seeds,7,1791953287775856,0x00065dc5a32c0670,gym/src/test/resources/pest-control-v10-goldfish-sample-2-take-4-seeds.csv,REJECTED_RETIRED
HISTORICAL_VECTOR,pest-control-v10-goldfish-sample-2-take-4-seeds,8,8460307176409919592,0x75690c8d6499f068,gym/src/test/resources/pest-control-v10-goldfish-sample-2-take-4-seeds.csv,REJECTED_RETIRED
HISTORICAL_VECTOR,pest-control-v10-goldfish-sample-2-take-4-seeds,9,3018428526941320506,0x29e39cc0c03e353a,gym/src/test/resources/pest-control-v10-goldfish-sample-2-take-4-seeds.csv,REJECTED_RETIRED
HISTORICAL_VECTOR,pest-control-v10-goldfish-sample-2-take-4-seeds,10,6384243503197715333,0x589963a417b1fb85,gym/src/test/resources/pest-control-v10-goldfish-sample-2-take-4-seeds.csv,REJECTED_RETIRED
HISTORICAL_VECTOR,pest-control-v10-goldfish-sample-2-take-4-seeds,11,1181589440381047823,0x1065d955f043d40f,gym/src/test/resources/pest-control-v10-goldfish-sample-2-take-4-seeds.csv,REJECTED_RETIRED
HISTORICAL_VECTOR,pest-control-v10-goldfish-sample-2-take-4-seeds,12,6605166402602751384,0x5baa43d8f57b5598,gym/src/test/resources/pest-control-v10-goldfish-sample-2-take-4-seeds.csv,REJECTED_RETIRED
HISTORICAL_VECTOR,pest-control-v10-goldfish-sample-2-take-4-seeds,13,5412648431521373180,0x4b1d97122ee81bfc,gym/src/test/resources/pest-control-v10-goldfish-sample-2-take-4-seeds.csv,REJECTED_RETIRED
HISTORICAL_VECTOR,pest-control-v10-goldfish-sample-2-take-4-seeds,14,4444466064260997790,0x3dadea56708e229e,gym/src/test/resources/pest-control-v10-goldfish-sample-2-take-4-seeds.csv,REJECTED_RETIRED
HISTORICAL_VECTOR,pest-control-v10-goldfish-sample-2-take-4-seeds,15,131181604781621033,0x01d20cf97a12ff29,gym/src/test/resources/pest-control-v10-goldfish-sample-2-take-4-seeds.csv,REJECTED_RETIRED
HISTORICAL_VECTOR,pest-control-v10-goldfish-sample-2-take-4-seeds,16,4921525382726004236,0x444cc5429e73ae0c,gym/src/test/resources/pest-control-v10-goldfish-sample-2-take-4-seeds.csv,REJECTED_RETIRED
HISTORICAL_VECTOR,pest-control-v10-goldfish-sample-2-take-4-seeds,17,9056625298072850318,0x7daf98b97b72cf8e,gym/src/test/resources/pest-control-v10-goldfish-sample-2-take-4-seeds.csv,REJECTED_RETIRED
HISTORICAL_VECTOR,pest-control-v10-goldfish-sample-2-take-4-seeds,18,240570466207361140,0x0356ad907dbd6874,gym/src/test/resources/pest-control-v10-goldfish-sample-2-take-4-seeds.csv,REJECTED_RETIRED
HISTORICAL_VECTOR,pest-control-v10-goldfish-sample-2-take-4-seeds,19,3664389076733166499,0x32da8673558083a3,gym/src/test/resources/pest-control-v10-goldfish-sample-2-take-4-seeds.csv,REJECTED_RETIRED
HISTORICAL_VECTOR,pest-control-v10-goldfish-sample-2-take-4-seeds,20,5050087544487163972,0x461583dd7dc83844,gym/src/test/resources/pest-control-v10-goldfish-sample-2-take-4-seeds.csv,REJECTED_RETIRED
HISTORICAL_VECTOR,pest-control-v10-goldfish-sample-2-take-4-seeds,21,4052955999295241779,0x383efe020447fe33,gym/src/test/resources/pest-control-v10-goldfish-sample-2-take-4-seeds.csv,REJECTED_RETIRED
HISTORICAL_VECTOR,pest-control-v10-goldfish-sample-2-take-4-seeds,22,6709082765243914401,0x5d1b733a8f0f18a1,gym/src/test/resources/pest-control-v10-goldfish-sample-2-take-4-seeds.csv,REJECTED_RETIRED
HISTORICAL_VECTOR,pest-control-v10-goldfish-sample-2-take-4-seeds,23,978618055157921373,0x0d94bfefac78b65d,gym/src/test/resources/pest-control-v10-goldfish-sample-2-take-4-seeds.csv,REJECTED_RETIRED
HISTORICAL_VECTOR,pest-control-v10-goldfish-sample-2-take-4-seeds,24,2356796041014258760,0x20b5058330b3ac48,gym/src/test/resources/pest-control-v10-goldfish-sample-2-take-4-seeds.csv,REJECTED_RETIRED
HISTORICAL_VECTOR,pest-control-v10-goldfish-sample-2-take-4-seeds,25,7047647275749232958,0x61ce45db7548513e,gym/src/test/resources/pest-control-v10-goldfish-sample-2-take-4-seeds.csv,REJECTED_RETIRED
HISTORICAL_VECTOR,pest-control-v10-goldfish-sample-2-take-4-seeds,26,4231863396167195238,0x3aba995662861a66,gym/src/test/resources/pest-control-v10-goldfish-sample-2-take-4-seeds.csv,REJECTED_RETIRED
HISTORICAL_VECTOR,pest-control-v10-goldfish-sample-2-take-4-seeds,27,2281169166191890469,0x1fa857453f711025,gym/src/test/resources/pest-control-v10-goldfish-sample-2-take-4-seeds.csv,REJECTED_RETIRED
HISTORICAL_VECTOR,pest-control-v10-goldfish-sample-2-take-4-seeds,28,5742875085007063568,0x4fb2ca7677498a10,gym/src/test/resources/pest-control-v10-goldfish-sample-2-take-4-seeds.csv,REJECTED_RETIRED
HISTORICAL_VECTOR,pest-control-v10-goldfish-sample-2-take-4-seeds,29,1749657765725500405,0x18480877c49273f5,gym/src/test/resources/pest-control-v10-goldfish-sample-2-take-4-seeds.csv,REJECTED_RETIRED
HISTORICAL_VECTOR,pest-control-v10-goldfish-sample-2-take-4-seeds,30,9125279377279576431,0x7ea3813eeef2696f,gym/src/test/resources/pest-control-v10-goldfish-sample-2-take-4-seeds.csv,REJECTED_RETIRED
HISTORICAL_VECTOR,pest-control-v10-goldfish-sample-2-take-5-seeds,1,4096261757154431936,0x38d8d85d7e3513c0,gym/src/test/resources/pest-control-v10-goldfish-sample-2-take-5-seeds.csv,REJECTED_RETIRED
HISTORICAL_VECTOR,pest-control-v10-goldfish-sample-2-take-5-seeds,2,6937494537316758684,0x6046ee8677fa749c,gym/src/test/resources/pest-control-v10-goldfish-sample-2-take-5-seeds.csv,REJECTED_RETIRED
HISTORICAL_VECTOR,pest-control-v10-goldfish-sample-2-take-5-seeds,3,3645261687928073212,0x32969231164b2bfc,gym/src/test/resources/pest-control-v10-goldfish-sample-2-take-5-seeds.csv,REJECTED_RETIRED
HISTORICAL_VECTOR,pest-control-v10-goldfish-sample-2-take-5-seeds,4,1604210190902752838,0x16434cab4dd1f646,gym/src/test/resources/pest-control-v10-goldfish-sample-2-take-5-seeds.csv,REJECTED_RETIRED
HISTORICAL_VECTOR,pest-control-v10-goldfish-sample-2-take-5-seeds,5,4151222756187089138,0x399c1b1a460ca8f2,gym/src/test/resources/pest-control-v10-goldfish-sample-2-take-5-seeds.csv,REJECTED_RETIRED
HISTORICAL_VECTOR,pest-control-v10-goldfish-sample-2-take-5-seeds,6,8461267694347243726,0x756c7623670e50ce,gym/src/test/resources/pest-control-v10-goldfish-sample-2-take-5-seeds.csv,REJECTED_RETIRED
HISTORICAL_VECTOR,pest-control-v10-goldfish-sample-2-take-5-seeds,7,4647440631030956165,0x407f06a177514085,gym/src/test/resources/pest-control-v10-goldfish-sample-2-take-5-seeds.csv,REJECTED_RETIRED
HISTORICAL_VECTOR,pest-control-v10-goldfish-sample-2-take-5-seeds,8,3370312020637483964,0x2ec5c0ed145383bc,gym/src/test/resources/pest-control-v10-goldfish-sample-2-take-5-seeds.csv,REJECTED_RETIRED
HISTORICAL_VECTOR,pest-control-v10-goldfish-sample-2-take-5-seeds,9,4317123418097962017,0x3be980e02b3fcc21,gym/src/test/resources/pest-control-v10-goldfish-sample-2-take-5-seeds.csv,REJECTED_RETIRED
HISTORICAL_VECTOR,pest-control-v10-goldfish-sample-2-take-5-seeds,10,4922055390611561089,0x444ea74cb232da81,gym/src/test/resources/pest-control-v10-goldfish-sample-2-take-5-seeds.csv,REJECTED_RETIRED
HISTORICAL_VECTOR,pest-control-v10-goldfish-sample-2-take-5-seeds,11,7573936164649565827,0x691c06d0356bfe83,gym/src/test/resources/pest-control-v10-goldfish-sample-2-take-5-seeds.csv,REJECTED_RETIRED
HISTORICAL_VECTOR,pest-control-v10-goldfish-sample-2-take-5-seeds,12,7964468539719493079,0x6e8779f076c125d7,gym/src/test/resources/pest-control-v10-goldfish-sample-2-take-5-seeds.csv,REJECTED_RETIRED
HISTORICAL_VECTOR,pest-control-v10-goldfish-sample-2-take-5-seeds,13,6473546730007677472,0x59d6a873deffca20,gym/src/test/resources/pest-control-v10-goldfish-sample-2-take-5-seeds.csv,REJECTED_RETIRED
HISTORICAL_VECTOR,pest-control-v10-goldfish-sample-2-take-5-seeds,14,4687070850213182793,0x410bd21ae80b7d49,gym/src/test/resources/pest-control-v10-goldfish-sample-2-take-5-seeds.csv,REJECTED_RETIRED
HISTORICAL_VECTOR,pest-control-v10-goldfish-sample-2-take-5-seeds,15,974224689370833955,0x0d8524317d5d2423,gym/src/test/resources/pest-control-v10-goldfish-sample-2-take-5-seeds.csv,REJECTED_RETIRED
HISTORICAL_VECTOR,pest-control-v10-goldfish-sample-2-take-5-seeds,16,191708316948296887,0x02a915b2d430f4b7,gym/src/test/resources/pest-control-v10-goldfish-sample-2-take-5-seeds.csv,REJECTED_RETIRED
HISTORICAL_VECTOR,pest-control-v10-goldfish-sample-2-take-5-seeds,17,1729059879816749726,0x17fedaccbbdb629e,gym/src/test/resources/pest-control-v10-goldfish-sample-2-take-5-seeds.csv,REJECTED_RETIRED
HISTORICAL_VECTOR,pest-control-v10-goldfish-sample-2-take-5-seeds,18,3264757190407261557,0x2d4ebf5e04208d75,gym/src/test/resources/pest-control-v10-goldfish-sample-2-take-5-seeds.csv,REJECTED_RETIRED
HISTORICAL_VECTOR,pest-control-v10-goldfish-sample-2-take-5-seeds,19,6656051712121163559,0x5c5f0bc4539ccf27,gym/src/test/resources/pest-control-v10-goldfish-sample-2-take-5-seeds.csv,REJECTED_RETIRED
HISTORICAL_VECTOR,pest-control-v10-goldfish-sample-2-take-5-seeds,20,6144703504425367430,0x55465f47ff5f3786,gym/src/test/resources/pest-control-v10-goldfish-sample-2-take-5-seeds.csv,REJECTED_RETIRED
HISTORICAL_VECTOR,pest-control-v10-goldfish-sample-2-take-5-seeds,21,5364918972552602490,0x4a74056187c0637a,gym/src/test/resources/pest-control-v10-goldfish-sample-2-take-5-seeds.csv,REJECTED_RETIRED
HISTORICAL_VECTOR,pest-control-v10-goldfish-sample-2-take-5-seeds,22,1412803301006808201,0x139b491dee029489,gym/src/test/resources/pest-control-v10-goldfish-sample-2-take-5-seeds.csv,REJECTED_RETIRED
HISTORICAL_VECTOR,pest-control-v10-goldfish-sample-2-take-5-seeds,23,9198371486421143629,0x7fa72e21c036d04d,gym/src/test/resources/pest-control-v10-goldfish-sample-2-take-5-seeds.csv,REJECTED_RETIRED
HISTORICAL_VECTOR,pest-control-v10-goldfish-sample-2-take-5-seeds,24,2386719861823985732,0x211f5511a6635844,gym/src/test/resources/pest-control-v10-goldfish-sample-2-take-5-seeds.csv,REJECTED_RETIRED
HISTORICAL_VECTOR,pest-control-v10-goldfish-sample-2-take-5-seeds,25,2124961165875656618,0x1d7d60ebfd84b7aa,gym/src/test/resources/pest-control-v10-goldfish-sample-2-take-5-seeds.csv,REJECTED_RETIRED
HISTORICAL_VECTOR,pest-control-v10-goldfish-sample-2-take-5-seeds,26,1479445109439188692,0x14880b7d14cfced4,gym/src/test/resources/pest-control-v10-goldfish-sample-2-take-5-seeds.csv,REJECTED_RETIRED
HISTORICAL_VECTOR,pest-control-v10-goldfish-sample-2-take-5-seeds,27,4922540793424577371,0x445060c55871035b,gym/src/test/resources/pest-control-v10-goldfish-sample-2-take-5-seeds.csv,REJECTED_RETIRED
HISTORICAL_VECTOR,pest-control-v10-goldfish-sample-2-take-5-seeds,28,1070533507192644936,0x0edb4c8d885ee548,gym/src/test/resources/pest-control-v10-goldfish-sample-2-take-5-seeds.csv,REJECTED_RETIRED
HISTORICAL_VECTOR,pest-control-v10-goldfish-sample-2-take-5-seeds,29,7765312116489695167,0x6bc3ee3a4167afbf,gym/src/test/resources/pest-control-v10-goldfish-sample-2-take-5-seeds.csv,REJECTED_RETIRED
HISTORICAL_VECTOR,pest-control-v10-goldfish-sample-2-take-5-seeds,30,7188171469372840774,0x63c183dde890db46,gym/src/test/resources/pest-control-v10-goldfish-sample-2-take-5-seeds.csv,REJECTED_RETIRED
HISTORICAL_VECTOR,pest-control-v10-goldfish-sample-2-take-6-seeds,1,4291861263397516366,0x3b8fc1146e11744e,gym/src/test/resources/pest-control-v10-goldfish-sample-2-take-6-seeds.csv,REJECTED_RETIRED
HISTORICAL_VECTOR,pest-control-v10-goldfish-sample-2-take-6-seeds,2,454329654435921341,0x064e1a69df943dbd,gym/src/test/resources/pest-control-v10-goldfish-sample-2-take-6-seeds.csv,REJECTED_RETIRED
HISTORICAL_VECTOR,pest-control-v10-goldfish-sample-2-take-6-seeds,3,4521928110830873657,0x3ec11da899ed6c39,gym/src/test/resources/pest-control-v10-goldfish-sample-2-take-6-seeds.csv,REJECTED_RETIRED
HISTORICAL_VECTOR,pest-control-v10-goldfish-sample-2-take-6-seeds,4,4673435956680327621,0x40db613dde7801c5,gym/src/test/resources/pest-control-v10-goldfish-sample-2-take-6-seeds.csv,REJECTED_RETIRED
HISTORICAL_VECTOR,pest-control-v10-goldfish-sample-2-take-6-seeds,5,6534893152508777693,0x5ab09ab2e86b14dd,gym/src/test/resources/pest-control-v10-goldfish-sample-2-take-6-seeds.csv,REJECTED_RETIRED
HISTORICAL_VECTOR,pest-control-v10-goldfish-sample-2-take-6-seeds,6,1491072379153964572,0x14b15a6dc5de5e1c,gym/src/test/resources/pest-control-v10-goldfish-sample-2-take-6-seeds.csv,REJECTED_RETIRED
HISTORICAL_VECTOR,pest-control-v10-goldfish-sample-2-take-6-seeds,7,1269135871459259807,0x119ce059d608f59f,gym/src/test/resources/pest-control-v10-goldfish-sample-2-take-6-seeds.csv,REJECTED_RETIRED
HISTORICAL_VECTOR,pest-control-v10-goldfish-sample-2-take-6-seeds,8,5583609289409214172,0x4d7cf710c3ceb6dc,gym/src/test/resources/pest-control-v10-goldfish-sample-2-take-6-seeds.csv,REJECTED_RETIRED
HISTORICAL_VECTOR,pest-control-v10-goldfish-sample-2-take-6-seeds,9,1092622543747954945,0x0f29c66a21ae3901,gym/src/test/resources/pest-control-v10-goldfish-sample-2-take-6-seeds.csv,REJECTED_RETIRED
HISTORICAL_VECTOR,pest-control-v10-goldfish-sample-2-take-6-seeds,10,560253536533490025,0x07c66b9f853c2969,gym/src/test/resources/pest-control-v10-goldfish-sample-2-take-6-seeds.csv,REJECTED_RETIRED
HISTORICAL_VECTOR,pest-control-v10-goldfish-sample-2-take-6-seeds,11,4331213123751476590,0x3c1b8f6367b77d6e,gym/src/test/resources/pest-control-v10-goldfish-sample-2-take-6-seeds.csv,REJECTED_RETIRED
HISTORICAL_VECTOR,pest-control-v10-goldfish-sample-2-take-6-seeds,12,8381509277124376440,0x74511a47c8a3b778,gym/src/test/resources/pest-control-v10-goldfish-sample-2-take-6-seeds.csv,REJECTED_RETIRED
HISTORICAL_VECTOR,pest-control-v10-goldfish-sample-2-take-6-seeds,13,6839009770613632361,0x5ee90b26d8d9ed69,gym/src/test/resources/pest-control-v10-goldfish-sample-2-take-6-seeds.csv,REJECTED_RETIRED
HISTORICAL_VECTOR,pest-control-v10-goldfish-sample-2-take-6-seeds,14,3390197473398257765,0x2f0c66a3d8547865,gym/src/test/resources/pest-control-v10-goldfish-sample-2-take-6-seeds.csv,REJECTED_RETIRED
HISTORICAL_VECTOR,pest-control-v10-goldfish-sample-2-take-6-seeds,15,2280165266562266144,0x1fa4c63aa6a0b420,gym/src/test/resources/pest-control-v10-goldfish-sample-2-take-6-seeds.csv,REJECTED_RETIRED
HISTORICAL_VECTOR,pest-control-v10-goldfish-sample-2-take-6-seeds,16,8715435658639670262,0x78f3728e1ffd7bf6,gym/src/test/resources/pest-control-v10-goldfish-sample-2-take-6-seeds.csv,REJECTED_RETIRED
HISTORICAL_VECTOR,pest-control-v10-goldfish-sample-2-take-6-seeds,17,6509551551345308369,0x5a5692a59907b2d1,gym/src/test/resources/pest-control-v10-goldfish-sample-2-take-6-seeds.csv,REJECTED_RETIRED
HISTORICAL_VECTOR,pest-control-v10-goldfish-sample-2-take-6-seeds,18,8966421319180261332,0x7c6f20af043a97d4,gym/src/test/resources/pest-control-v10-goldfish-sample-2-take-6-seeds.csv,REJECTED_RETIRED
HISTORICAL_VECTOR,pest-control-v10-goldfish-sample-2-take-6-seeds,19,4727702587301066828,0x419c2c7467c6784c,gym/src/test/resources/pest-control-v10-goldfish-sample-2-take-6-seeds.csv,REJECTED_RETIRED
HISTORICAL_VECTOR,pest-control-v10-goldfish-sample-2-take-6-seeds,20,8399170147345048484,0x748fd8bf909123a4,gym/src/test/resources/pest-control-v10-goldfish-sample-2-take-6-seeds.csv,REJECTED_RETIRED
HISTORICAL_VECTOR,pest-control-v10-goldfish-sample-2-take-6-seeds,21,1055265936551788753,0x0ea50ec73bbd40d1,gym/src/test/resources/pest-control-v10-goldfish-sample-2-take-6-seeds.csv,REJECTED_RETIRED
HISTORICAL_VECTOR,pest-control-v10-goldfish-sample-2-take-6-seeds,22,7309249373644489667,0x656fab944ad383c3,gym/src/test/resources/pest-control-v10-goldfish-sample-2-take-6-seeds.csv,REJECTED_RETIRED
HISTORICAL_VECTOR,pest-control-v10-goldfish-sample-2-take-6-seeds,23,3255828316009107005,0x2d2f069a71618e3d,gym/src/test/resources/pest-control-v10-goldfish-sample-2-take-6-seeds.csv,REJECTED_RETIRED
HISTORICAL_VECTOR,pest-control-v10-goldfish-sample-2-take-6-seeds,24,3914408982629241231,0x3652c63af336d18f,gym/src/test/resources/pest-control-v10-goldfish-sample-2-take-6-seeds.csv,REJECTED_RETIRED
HISTORICAL_VECTOR,pest-control-v10-goldfish-sample-2-take-6-seeds,25,1727931131121660012,0x17fad83572d8706c,gym/src/test/resources/pest-control-v10-goldfish-sample-2-take-6-seeds.csv,REJECTED_RETIRED
HISTORICAL_VECTOR,pest-control-v10-goldfish-sample-2-take-6-seeds,26,303293631146191499,0x043583f35b1b6a8b,gym/src/test/resources/pest-control-v10-goldfish-sample-2-take-6-seeds.csv,REJECTED_RETIRED
HISTORICAL_VECTOR,pest-control-v10-goldfish-sample-2-take-6-seeds,27,2751913792745346516,0x2630c303a51595d4,gym/src/test/resources/pest-control-v10-goldfish-sample-2-take-6-seeds.csv,REJECTED_RETIRED
HISTORICAL_VECTOR,pest-control-v10-goldfish-sample-2-take-6-seeds,28,6983949058651868829,0x60ebf8aa925e4e9d,gym/src/test/resources/pest-control-v10-goldfish-sample-2-take-6-seeds.csv,REJECTED_RETIRED
HISTORICAL_VECTOR,pest-control-v10-goldfish-sample-2-take-6-seeds,29,3704890363280647773,0x336a6a27f31c665d,gym/src/test/resources/pest-control-v10-goldfish-sample-2-take-6-seeds.csv,REJECTED_RETIRED
HISTORICAL_VECTOR,pest-control-v10-goldfish-sample-2-take-6-seeds,30,6921933199040503861,0x600fa5920fcae035,gym/src/test/resources/pest-control-v10-goldfish-sample-2-take-6-seeds.csv,REJECTED_RETIRED
HISTORICAL_VECTOR,pest-control-v10-goldfish-sample-2-take-7-seeds,1,8565060259064330141,0x76dd34ed0d58379d,gym/src/test/resources/pest-control-v10-goldfish-sample-2-take-7-seeds.csv,REJECTED_RETIRED
HISTORICAL_VECTOR,pest-control-v10-goldfish-sample-2-take-7-seeds,2,2442872026681412887,0x21e6d32a56158d17,gym/src/test/resources/pest-control-v10-goldfish-sample-2-take-7-seeds.csv,REJECTED_RETIRED
HISTORICAL_VECTOR,pest-control-v10-goldfish-sample-2-take-7-seeds,3,9029811165932993727,0x7d505569d64abcbf,gym/src/test/resources/pest-control-v10-goldfish-sample-2-take-7-seeds.csv,REJECTED_RETIRED
HISTORICAL_VECTOR,pest-control-v10-goldfish-sample-2-take-7-seeds,4,1129021024033643500,0x0fab16a3b9791bec,gym/src/test/resources/pest-control-v10-goldfish-sample-2-take-7-seeds.csv,REJECTED_RETIRED
HISTORICAL_VECTOR,pest-control-v10-goldfish-sample-2-take-7-seeds,5,5057248746604138567,0x462ef4f0ca211047,gym/src/test/resources/pest-control-v10-goldfish-sample-2-take-7-seeds.csv,REJECTED_RETIRED
HISTORICAL_VECTOR,pest-control-v10-goldfish-sample-2-take-7-seeds,6,8228560658254953397,0x7231b852680a7bb5,gym/src/test/resources/pest-control-v10-goldfish-sample-2-take-7-seeds.csv,REJECTED_RETIRED
HISTORICAL_VECTOR,pest-control-v10-goldfish-sample-2-take-7-seeds,7,8771925645017969912,0x79bc23e6036f74f8,gym/src/test/resources/pest-control-v10-goldfish-sample-2-take-7-seeds.csv,REJECTED_RETIRED
HISTORICAL_VECTOR,pest-control-v10-goldfish-sample-2-take-7-seeds,8,8145541502829115756,0x710ac6d70354b96c,gym/src/test/resources/pest-control-v10-goldfish-sample-2-take-7-seeds.csv,REJECTED_RETIRED
HISTORICAL_VECTOR,pest-control-v10-goldfish-sample-2-take-7-seeds,9,5315187224154704174,0x49c3569e8a6f892e,gym/src/test/resources/pest-control-v10-goldfish-sample-2-take-7-seeds.csv,REJECTED_RETIRED
HISTORICAL_VECTOR,pest-control-v10-goldfish-sample-2-take-7-seeds,10,9070069502634770448,0x7ddf5c2848a64010,gym/src/test/resources/pest-control-v10-goldfish-sample-2-take-7-seeds.csv,REJECTED_RETIRED
HISTORICAL_VECTOR,pest-control-v10-goldfish-sample-2-take-7-seeds,11,6456986273194760473,0x599bd2ce0d58d919,gym/src/test/resources/pest-control-v10-goldfish-sample-2-take-7-seeds.csv,REJECTED_RETIRED
HISTORICAL_VECTOR,pest-control-v10-goldfish-sample-2-take-7-seeds,12,6558799685501799014,0x5b0589905f474a66,gym/src/test/resources/pest-control-v10-goldfish-sample-2-take-7-seeds.csv,REJECTED_RETIRED
HISTORICAL_VECTOR,pest-control-v10-goldfish-sample-2-take-7-seeds,13,4822858595341910878,0x42ee3c57014b435e,gym/src/test/resources/pest-control-v10-goldfish-sample-2-take-7-seeds.csv,REJECTED_RETIRED
HISTORICAL_VECTOR,pest-control-v10-goldfish-sample-2-take-7-seeds,14,6592496841427801294,0x5b7d40f2e03054ce,gym/src/test/resources/pest-control-v10-goldfish-sample-2-take-7-seeds.csv,REJECTED_RETIRED
HISTORICAL_VECTOR,pest-control-v10-goldfish-sample-2-take-7-seeds,15,7921205758802943148,0x6dedc6ab563a5cac,gym/src/test/resources/pest-control-v10-goldfish-sample-2-take-7-seeds.csv,REJECTED_RETIRED
HISTORICAL_VECTOR,pest-control-v10-goldfish-sample-2-take-7-seeds,16,8664108531280451088,0x783d18ce06671610,gym/src/test/resources/pest-control-v10-goldfish-sample-2-take-7-seeds.csv,REJECTED_RETIRED
HISTORICAL_VECTOR,pest-control-v10-goldfish-sample-2-take-7-seeds,17,9089593656087364926,0x7e24b9457fbb453e,gym/src/test/resources/pest-control-v10-goldfish-sample-2-take-7-seeds.csv,REJECTED_RETIRED
HISTORICAL_VECTOR,pest-control-v10-goldfish-sample-2-take-7-seeds,18,5765649008666318481,0x5003b339c5239691,gym/src/test/resources/pest-control-v10-goldfish-sample-2-take-7-seeds.csv,REJECTED_RETIRED
HISTORICAL_VECTOR,pest-control-v10-goldfish-sample-2-take-7-seeds,19,3283389423480838719,0x2d90f148d5d99a3f,gym/src/test/resources/pest-control-v10-goldfish-sample-2-take-7-seeds.csv,REJECTED_RETIRED
HISTORICAL_VECTOR,pest-control-v10-goldfish-sample-2-take-7-seeds,20,4358608458978859258,0x3c7ce34cf07298fa,gym/src/test/resources/pest-control-v10-goldfish-sample-2-take-7-seeds.csv,REJECTED_RETIRED
HISTORICAL_VECTOR,pest-control-v10-goldfish-sample-2-take-7-seeds,21,5230278551367589115,0x4895aea19a9c1cfb,gym/src/test/resources/pest-control-v10-goldfish-sample-2-take-7-seeds.csv,REJECTED_RETIRED
HISTORICAL_VECTOR,pest-control-v10-goldfish-sample-2-take-7-seeds,22,645288879775981803,0x08f486d1388ea0eb,gym/src/test/resources/pest-control-v10-goldfish-sample-2-take-7-seeds.csv,REJECTED_RETIRED
HISTORICAL_VECTOR,pest-control-v10-goldfish-sample-2-take-7-seeds,23,8506795910217652047,0x760e35cf3544d74f,gym/src/test/resources/pest-control-v10-goldfish-sample-2-take-7-seeds.csv,REJECTED_RETIRED
HISTORICAL_VECTOR,pest-control-v10-goldfish-sample-2-take-7-seeds,24,9189254765687948114,0x7f86ca85cb654352,gym/src/test/resources/pest-control-v10-goldfish-sample-2-take-7-seeds.csv,REJECTED_RETIRED
HISTORICAL_VECTOR,pest-control-v10-goldfish-sample-2-take-7-seeds,25,5992636460932618641,0x532a1f1c61f15991,gym/src/test/resources/pest-control-v10-goldfish-sample-2-take-7-seeds.csv,REJECTED_RETIRED
HISTORICAL_VECTOR,pest-control-v10-goldfish-sample-2-take-7-seeds,26,5497313748050223908,0x4c4a61ba5367a324,gym/src/test/resources/pest-control-v10-goldfish-sample-2-take-7-seeds.csv,REJECTED_RETIRED
HISTORICAL_VECTOR,pest-control-v10-goldfish-sample-2-take-7-seeds,27,524765687272811140,0x0748579cbc35aa84,gym/src/test/resources/pest-control-v10-goldfish-sample-2-take-7-seeds.csv,REJECTED_RETIRED
HISTORICAL_VECTOR,pest-control-v10-goldfish-sample-2-take-7-seeds,28,7198510641400780180,0x63e63f49fc901594,gym/src/test/resources/pest-control-v10-goldfish-sample-2-take-7-seeds.csv,REJECTED_RETIRED
HISTORICAL_VECTOR,pest-control-v10-goldfish-sample-2-take-7-seeds,29,1107252951673941351,0x0f5dc0b16d072d67,gym/src/test/resources/pest-control-v10-goldfish-sample-2-take-7-seeds.csv,REJECTED_RETIRED
HISTORICAL_VECTOR,pest-control-v10-goldfish-sample-2-take-7-seeds,30,474972711420151264,0x0697712a1e33c5e0,gym/src/test/resources/pest-control-v10-goldfish-sample-2-take-7-seeds.csv,REJECTED_RETIRED
HISTORICAL_VECTOR,pest-control-v10-goldfish-sample-2-take-8-seeds,1,718620613069169780,0x09f90da3e242e474,gym/src/test/resources/pest-control-v10-goldfish-sample-2-take-8-seeds.csv,ACCEPTED_RETIRED
HISTORICAL_VECTOR,pest-control-v10-goldfish-sample-2-take-8-seeds,2,8289979516787564821,0x730bec72c5632115,gym/src/test/resources/pest-control-v10-goldfish-sample-2-take-8-seeds.csv,ACCEPTED_RETIRED
HISTORICAL_VECTOR,pest-control-v10-goldfish-sample-2-take-8-seeds,3,4998383267747964528,0x455dd319755fa670,gym/src/test/resources/pest-control-v10-goldfish-sample-2-take-8-seeds.csv,ACCEPTED_RETIRED
HISTORICAL_VECTOR,pest-control-v10-goldfish-sample-2-take-8-seeds,4,3519678507793106129,0x30d868f46c95c4d1,gym/src/test/resources/pest-control-v10-goldfish-sample-2-take-8-seeds.csv,ACCEPTED_RETIRED
HISTORICAL_VECTOR,pest-control-v10-goldfish-sample-2-take-8-seeds,5,5632363832495154027,0x4e2a2d1069a1a36b,gym/src/test/resources/pest-control-v10-goldfish-sample-2-take-8-seeds.csv,ACCEPTED_RETIRED
HISTORICAL_VECTOR,pest-control-v10-goldfish-sample-2-take-8-seeds,6,7056187859636035158,0x61ec9d791a079e56,gym/src/test/resources/pest-control-v10-goldfish-sample-2-take-8-seeds.csv,ACCEPTED_RETIRED
HISTORICAL_VECTOR,pest-control-v10-goldfish-sample-2-take-8-seeds,7,6816544898911003090,0x5e993b784f1761d2,gym/src/test/resources/pest-control-v10-goldfish-sample-2-take-8-seeds.csv,ACCEPTED_RETIRED
HISTORICAL_VECTOR,pest-control-v10-goldfish-sample-2-take-8-seeds,8,8027038329331529430,0x6f65c4d4da4036d6,gym/src/test/resources/pest-control-v10-goldfish-sample-2-take-8-seeds.csv,ACCEPTED_RETIRED
HISTORICAL_VECTOR,pest-control-v10-goldfish-sample-2-take-8-seeds,9,259285062150193925,0x03992a63e9070305,gym/src/test/resources/pest-control-v10-goldfish-sample-2-take-8-seeds.csv,ACCEPTED_RETIRED
HISTORICAL_VECTOR,pest-control-v10-goldfish-sample-2-take-8-seeds,10,210178771163059854,0x02eab47a9280968e,gym/src/test/resources/pest-control-v10-goldfish-sample-2-take-8-seeds.csv,ACCEPTED_RETIRED
HISTORICAL_VECTOR,pest-control-v10-goldfish-sample-2-take-8-seeds,11,311757519596920712,0x045395cff3a19f88,gym/src/test/resources/pest-control-v10-goldfish-sample-2-take-8-seeds.csv,ACCEPTED_RETIRED
HISTORICAL_VECTOR,pest-control-v10-goldfish-sample-2-take-8-seeds,12,1866774883132621922,0x19e81ddd98bdc462,gym/src/test/resources/pest-control-v10-goldfish-sample-2-take-8-seeds.csv,ACCEPTED_RETIRED
HISTORICAL_VECTOR,pest-control-v10-goldfish-sample-2-take-8-seeds,13,5657035247406533734,0x4e81d395d387cc66,gym/src/test/resources/pest-control-v10-goldfish-sample-2-take-8-seeds.csv,ACCEPTED_RETIRED
HISTORICAL_VECTOR,pest-control-v10-goldfish-sample-2-take-8-seeds,14,5890427938127663096,0x51bf01003b22cff8,gym/src/test/resources/pest-control-v10-goldfish-sample-2-take-8-seeds.csv,ACCEPTED_RETIRED
HISTORICAL_VECTOR,pest-control-v10-goldfish-sample-2-take-8-seeds,15,3527798735013321863,0x30f54242278a9c87,gym/src/test/resources/pest-control-v10-goldfish-sample-2-take-8-seeds.csv,ACCEPTED_RETIRED
HISTORICAL_VECTOR,pest-control-v10-goldfish-sample-2-take-8-seeds,16,6896580252279229396,0x5fb593332613cbd4,gym/src/test/resources/pest-control-v10-goldfish-sample-2-take-8-seeds.csv,ACCEPTED_RETIRED
HISTORICAL_VECTOR,pest-control-v10-goldfish-sample-2-take-8-seeds,17,6337962774376585068,0x57f4f790365d976c,gym/src/test/resources/pest-control-v10-goldfish-sample-2-take-8-seeds.csv,ACCEPTED_RETIRED
HISTORICAL_VECTOR,pest-control-v10-goldfish-sample-2-take-8-seeds,18,3806353330022179691,0x34d2e22fcd98e36b,gym/src/test/resources/pest-control-v10-goldfish-sample-2-take-8-seeds.csv,ACCEPTED_RETIRED
HISTORICAL_VECTOR,pest-control-v10-goldfish-sample-2-take-8-seeds,19,1215507224669582323,0x10de59617c59f3f3,gym/src/test/resources/pest-control-v10-goldfish-sample-2-take-8-seeds.csv,ACCEPTED_RETIRED
HISTORICAL_VECTOR,pest-control-v10-goldfish-sample-2-take-8-seeds,20,490191905181765602,0x06cd82f0cc218fe2,gym/src/test/resources/pest-control-v10-goldfish-sample-2-take-8-seeds.csv,ACCEPTED_RETIRED
HISTORICAL_VECTOR,pest-control-v10-goldfish-sample-2-take-8-seeds,21,3526562424318806578,0x30f0ddd723c34a32,gym/src/test/resources/pest-control-v10-goldfish-sample-2-take-8-seeds.csv,ACCEPTED_RETIRED
HISTORICAL_VECTOR,pest-control-v10-goldfish-sample-2-take-8-seeds,22,2372982257168396487,0x20ee86ca50d3b0c7,gym/src/test/resources/pest-control-v10-goldfish-sample-2-take-8-seeds.csv,ACCEPTED_RETIRED
HISTORICAL_VECTOR,pest-control-v10-goldfish-sample-2-take-8-seeds,23,991834575015853282,0x0dc3b44a7fc53ce2,gym/src/test/resources/pest-control-v10-goldfish-sample-2-take-8-seeds.csv,ACCEPTED_RETIRED
HISTORICAL_VECTOR,pest-control-v10-goldfish-sample-2-take-8-seeds,24,5039019184683776502,0x45ee3140277479f6,gym/src/test/resources/pest-control-v10-goldfish-sample-2-take-8-seeds.csv,ACCEPTED_RETIRED
HISTORICAL_VECTOR,pest-control-v10-goldfish-sample-2-take-8-seeds,25,5747373386543945717,0x4fc2c5a4e87c57f5,gym/src/test/resources/pest-control-v10-goldfish-sample-2-take-8-seeds.csv,ACCEPTED_RETIRED
HISTORICAL_VECTOR,pest-control-v10-goldfish-sample-2-take-8-seeds,26,9158510558145178212,0x7f1990d429e86a64,gym/src/test/resources/pest-control-v10-goldfish-sample-2-take-8-seeds.csv,ACCEPTED_RETIRED
HISTORICAL_VECTOR,pest-control-v10-goldfish-sample-2-take-8-seeds,27,1708264680612289308,0x17b4f9ad1e3ddb1c,gym/src/test/resources/pest-control-v10-goldfish-sample-2-take-8-seeds.csv,ACCEPTED_RETIRED
HISTORICAL_VECTOR,pest-control-v10-goldfish-sample-2-take-8-seeds,28,2124598257841188765,0x1d7c16dbe109af9d,gym/src/test/resources/pest-control-v10-goldfish-sample-2-take-8-seeds.csv,ACCEPTED_RETIRED
HISTORICAL_VECTOR,pest-control-v10-goldfish-sample-2-take-8-seeds,29,5694119010394762622,0x4f0593123b60ed7e,gym/src/test/resources/pest-control-v10-goldfish-sample-2-take-8-seeds.csv,ACCEPTED_RETIRED
HISTORICAL_VECTOR,pest-control-v10-goldfish-sample-2-take-8-seeds,30,7982717047505249434,0x6ec84edc4701649a,gym/src/test/resources/pest-control-v10-goldfish-sample-2-take-8-seeds.csv,ACCEPTED_RETIRED
MATCHUP_VECTOR,PEST_CONTROL_V10_VS_MONO_RED_MADNESS_SOTERX_2026_09_11_PREBOARD_V1_BLOCK_A,1,4709846279077387655,0x415cbc3cab1a5d87,gym/src/test/resources/pest-control-v10-vs-mono-red-madness-soterx-2026-09-11-preboard-v1-block-a-seeds.csv,REJECTED_RETIRED
MATCHUP_VECTOR,PEST_CONTROL_V10_VS_MONO_RED_MADNESS_SOTERX_2026_09_11_PREBOARD_V1_BLOCK_A,2,5477948387001674504,0x4c059508d928ab08,gym/src/test/resources/pest-control-v10-vs-mono-red-madness-soterx-2026-09-11-preboard-v1-block-a-seeds.csv,REJECTED_RETIRED
MATCHUP_VECTOR,PEST_CONTROL_V10_VS_MONO_RED_MADNESS_SOTERX_2026_09_11_PREBOARD_V1_BLOCK_A,3,-6034045097709226459,0xac42c3f4105ab625,gym/src/test/resources/pest-control-v10-vs-mono-red-madness-soterx-2026-09-11-preboard-v1-block-a-seeds.csv,REJECTED_RETIRED
MATCHUP_VECTOR,PEST_CONTROL_V10_VS_MONO_RED_MADNESS_SOTERX_2026_09_11_PREBOARD_V1_BLOCK_A,4,-4523992363560036386,0xc1378cea1b6c97de,gym/src/test/resources/pest-control-v10-vs-mono-red-madness-soterx-2026-09-11-preboard-v1-block-a-seeds.csv,REJECTED_RETIRED
MATCHUP_VECTOR,PEST_CONTROL_V10_VS_MONO_RED_MADNESS_SOTERX_2026_09_11_PREBOARD_V1_BLOCK_A,5,786945400533120985,0x0aebcaac206777d9,gym/src/test/resources/pest-control-v10-vs-mono-red-madness-soterx-2026-09-11-preboard-v1-block-a-seeds.csv,REJECTED_RETIRED
MATCHUP_VECTOR,PEST_CONTROL_V10_VS_MONO_RED_MADNESS_SOTERX_2026_09_11_PREBOARD_V1_BLOCK_A,6,-7705672124907972196,0x950ff4075f3b199c,gym/src/test/resources/pest-control-v10-vs-mono-red-madness-soterx-2026-09-11-preboard-v1-block-a-seeds.csv,REJECTED_RETIRED
MATCHUP_VECTOR,PEST_CONTROL_V10_VS_MONO_RED_MADNESS_SOTERX_2026_09_11_PREBOARD_V1_BLOCK_A,7,3448803011189575296,0x2fdc9c10ee408e80,gym/src/test/resources/pest-control-v10-vs-mono-red-madness-soterx-2026-09-11-preboard-v1-block-a-seeds.csv,REJECTED_RETIRED
MATCHUP_VECTOR,PEST_CONTROL_V10_VS_MONO_RED_MADNESS_SOTERX_2026_09_11_PREBOARD_V1_BLOCK_A,8,-8128856465357046910,0x8f30801d00417b82,gym/src/test/resources/pest-control-v10-vs-mono-red-madness-soterx-2026-09-11-preboard-v1-block-a-seeds.csv,REJECTED_RETIRED
MATCHUP_VECTOR,PEST_CONTROL_V10_VS_MONO_RED_MADNESS_SOTERX_2026_09_11_PREBOARD_V1_BLOCK_A,9,-6486810910547218589,0xa5fa37d86fb46f63,gym/src/test/resources/pest-control-v10-vs-mono-red-madness-soterx-2026-09-11-preboard-v1-block-a-seeds.csv,REJECTED_RETIRED
MATCHUP_VECTOR,PEST_CONTROL_V10_VS_MONO_RED_MADNESS_SOTERX_2026_09_11_PREBOARD_V1_BLOCK_A,10,-8685308236173964118,0x8777962d0a138caa,gym/src/test/resources/pest-control-v10-vs-mono-red-madness-soterx-2026-09-11-preboard-v1-block-a-seeds.csv,REJECTED_RETIRED
MATCHUP_VECTOR,PEST_CONTROL_V10_VS_MONO_RED_MADNESS_SOTERX_2026_09_11_PREBOARD_V1_BLOCK_A,11,-6185426293070957725,0xaa28f38ee924f363,gym/src/test/resources/pest-control-v10-vs-mono-red-madness-soterx-2026-09-11-preboard-v1-block-a-seeds.csv,REJECTED_RETIRED
MATCHUP_VECTOR,PEST_CONTROL_V10_VS_MONO_RED_MADNESS_SOTERX_2026_09_11_PREBOARD_V1_BLOCK_A,12,-2642642770771995909,0xdb537266bbe192fb,gym/src/test/resources/pest-control-v10-vs-mono-red-madness-soterx-2026-09-11-preboard-v1-block-a-seeds.csv,REJECTED_RETIRED
MATCHUP_VECTOR,PEST_CONTROL_V10_VS_MONO_RED_MADNESS_SOTERX_2026_09_11_PREBOARD_V1_BLOCK_A,13,-8331188862754333050,0x8c61abdeaed65e86,gym/src/test/resources/pest-control-v10-vs-mono-red-madness-soterx-2026-09-11-preboard-v1-block-a-seeds.csv,REJECTED_RETIRED
MATCHUP_VECTOR,PEST_CONTROL_V10_VS_MONO_RED_MADNESS_SOTERX_2026_09_11_PREBOARD_V1_BLOCK_A,14,-1512835160745415799,0xeb01546fc80c6b89,gym/src/test/resources/pest-control-v10-vs-mono-red-madness-soterx-2026-09-11-preboard-v1-block-a-seeds.csv,REJECTED_RETIRED
MATCHUP_VECTOR,PEST_CONTROL_V10_VS_MONO_RED_MADNESS_SOTERX_2026_09_11_PREBOARD_V1_BLOCK_A,15,-3168605144109147126,0xd406da68cfe61c0a,gym/src/test/resources/pest-control-v10-vs-mono-red-madness-soterx-2026-09-11-preboard-v1-block-a-seeds.csv,REJECTED_RETIRED
MATCHUP_VECTOR,PEST_CONTROL_V10_VS_MONO_RED_MADNESS_SOTERX_2026_09_11_PREBOARD_V1_BLOCK_A,16,2220561564340184055,0x1ed104fa4c61e3f7,gym/src/test/resources/pest-control-v10-vs-mono-red-madness-soterx-2026-09-11-preboard-v1-block-a-seeds.csv,REJECTED_RETIRED
MATCHUP_VECTOR,PEST_CONTROL_V10_VS_MONO_RED_MADNESS_SOTERX_2026_09_11_PREBOARD_V1_BLOCK_A,17,6548053946002019263,0x5adf5c5eed8b93bf,gym/src/test/resources/pest-control-v10-vs-mono-red-madness-soterx-2026-09-11-preboard-v1-block-a-seeds.csv,REJECTED_RETIRED
MATCHUP_VECTOR,PEST_CONTROL_V10_VS_MONO_RED_MADNESS_SOTERX_2026_09_11_PREBOARD_V1_BLOCK_A,18,-8397679149246335732,0x8b75734e7b77b50c,gym/src/test/resources/pest-control-v10-vs-mono-red-madness-soterx-2026-09-11-preboard-v1-block-a-seeds.csv,REJECTED_RETIRED
MATCHUP_VECTOR,PEST_CONTROL_V10_VS_MONO_RED_MADNESS_SOTERX_2026_09_11_PREBOARD_V1_BLOCK_A,19,-2249609585300098380,0xe0c7c80048dfb2b4,gym/src/test/resources/pest-control-v10-vs-mono-red-madness-soterx-2026-09-11-preboard-v1-block-a-seeds.csv,REJECTED_RETIRED
MATCHUP_VECTOR,PEST_CONTROL_V10_VS_MONO_RED_MADNESS_SOTERX_2026_09_11_PREBOARD_V1_BLOCK_A,20,-2388260239899792857,0xdedb31f721956a27,gym/src/test/resources/pest-control-v10-vs-mono-red-madness-soterx-2026-09-11-preboard-v1-block-a-seeds.csv,REJECTED_RETIRED
MATCHUP_VECTOR,PEST_CONTROL_V10_VS_MONO_RED_MADNESS_SOTERX_2026_09_11_PREBOARD_V1_BLOCK_A,21,5720120489493318511,0x4f61f34758aecb6f,gym/src/test/resources/pest-control-v10-vs-mono-red-madness-soterx-2026-09-11-preboard-v1-block-a-seeds.csv,REJECTED_RETIRED
MATCHUP_VECTOR,PEST_CONTROL_V10_VS_MONO_RED_MADNESS_SOTERX_2026_09_11_PREBOARD_V1_BLOCK_A,22,-2599820237764304914,0xdbeb9544a82fdfee,gym/src/test/resources/pest-control-v10-vs-mono-red-madness-soterx-2026-09-11-preboard-v1-block-a-seeds.csv,REJECTED_RETIRED
MATCHUP_VECTOR,PEST_CONTROL_V10_VS_MONO_RED_MADNESS_SOTERX_2026_09_11_PREBOARD_V1_BLOCK_A,23,-6659733986570463191,0xa393df3957df1829,gym/src/test/resources/pest-control-v10-vs-mono-red-madness-soterx-2026-09-11-preboard-v1-block-a-seeds.csv,REJECTED_RETIRED
MATCHUP_VECTOR,PEST_CONTROL_V10_VS_MONO_RED_MADNESS_SOTERX_2026_09_11_PREBOARD_V1_BLOCK_A,24,-1980533667709704377,0xe483bb1f5e762747,gym/src/test/resources/pest-control-v10-vs-mono-red-madness-soterx-2026-09-11-preboard-v1-block-a-seeds.csv,REJECTED_RETIRED
MATCHUP_VECTOR,PEST_CONTROL_V10_VS_MONO_RED_MADNESS_SOTERX_2026_09_11_PREBOARD_V1_BLOCK_A,25,-2649561552465666119,0xdb3addce56c05fb9,gym/src/test/resources/pest-control-v10-vs-mono-red-madness-soterx-2026-09-11-preboard-v1-block-a-seeds.csv,REJECTED_RETIRED
MATCHUP_VECTOR,PEST_CONTROL_V10_VS_MONO_RED_MADNESS_SOTERX_2026_09_11_PREBOARD_V1_BLOCK_A,26,729174950226965839,0x0a1e8cc0ff64354f,gym/src/test/resources/pest-control-v10-vs-mono-red-madness-soterx-2026-09-11-preboard-v1-block-a-seeds.csv,REJECTED_RETIRED
MATCHUP_VECTOR,PEST_CONTROL_V10_VS_MONO_RED_MADNESS_SOTERX_2026_09_11_PREBOARD_V1_BLOCK_A,27,825096308453300764,0x0b7354b892d85a1c,gym/src/test/resources/pest-control-v10-vs-mono-red-madness-soterx-2026-09-11-preboard-v1-block-a-seeds.csv,REJECTED_RETIRED
MATCHUP_VECTOR,PEST_CONTROL_V10_VS_MONO_RED_MADNESS_SOTERX_2026_09_11_PREBOARD_V1_BLOCK_A,28,9150710980283059378,0x7efddb276e09ccb2,gym/src/test/resources/pest-control-v10-vs-mono-red-madness-soterx-2026-09-11-preboard-v1-block-a-seeds.csv,REJECTED_RETIRED
MATCHUP_VECTOR,PEST_CONTROL_V10_VS_MONO_RED_MADNESS_SOTERX_2026_09_11_PREBOARD_V1_BLOCK_A,29,4833268105160485234,0x431337bbe050e972,gym/src/test/resources/pest-control-v10-vs-mono-red-madness-soterx-2026-09-11-preboard-v1-block-a-seeds.csv,REJECTED_RETIRED
MATCHUP_VECTOR,PEST_CONTROL_V10_VS_MONO_RED_MADNESS_SOTERX_2026_09_11_PREBOARD_V1_BLOCK_A,30,-43561158482649157,0xff653d5b6ea31fbb,gym/src/test/resources/pest-control-v10-vs-mono-red-madness-soterx-2026-09-11-preboard-v1-block-a-seeds.csv,REJECTED_RETIRED
MATCHUP_VECTOR,PEST_CONTROL_V10_VS_MONO_RED_MADNESS_SOTERX_2026_09_11_PREBOARD_V1_BLOCK_A,31,-7671763755106506303,0x95886b82f028e9c1,gym/src/test/resources/pest-control-v10-vs-mono-red-madness-soterx-2026-09-11-preboard-v1-block-a-seeds.csv,REJECTED_RETIRED
MATCHUP_VECTOR,PEST_CONTROL_V10_VS_MONO_RED_MADNESS_SOTERX_2026_09_11_PREBOARD_V1_BLOCK_A,32,3412325361870711144,0x2f5b03d65c5c2968,gym/src/test/resources/pest-control-v10-vs-mono-red-madness-soterx-2026-09-11-preboard-v1-block-a-seeds.csv,REJECTED_RETIRED
MATCHUP_VECTOR,PEST_CONTROL_V10_VS_MONO_RED_MADNESS_SOTERX_2026_09_11_PREBOARD_V1_BLOCK_A,33,-1701935067450818227,0xe8618312c9d0414d,gym/src/test/resources/pest-control-v10-vs-mono-red-madness-soterx-2026-09-11-preboard-v1-block-a-seeds.csv,REJECTED_RETIRED
MATCHUP_VECTOR,PEST_CONTROL_V10_VS_MONO_RED_MADNESS_SOTERX_2026_09_11_PREBOARD_V1_BLOCK_A,34,4572344342709193489,0x3f743af451f2cb11,gym/src/test/resources/pest-control-v10-vs-mono-red-madness-soterx-2026-09-11-preboard-v1-block-a-seeds.csv,REJECTED_RETIRED
MATCHUP_VECTOR,PEST_CONTROL_V10_VS_MONO_RED_MADNESS_SOTERX_2026_09_11_PREBOARD_V1_BLOCK_A,35,8066587928982720439,0x6ff246fb98780fb7,gym/src/test/resources/pest-control-v10-vs-mono-red-madness-soterx-2026-09-11-preboard-v1-block-a-seeds.csv,REJECTED_RETIRED
MATCHUP_VECTOR,PEST_CONTROL_V10_VS_MONO_RED_MADNESS_SOTERX_2026_09_11_PREBOARD_V1_BLOCK_A,36,3416588525160778015,0x2f6a292969e2491f,gym/src/test/resources/pest-control-v10-vs-mono-red-madness-soterx-2026-09-11-preboard-v1-block-a-seeds.csv,REJECTED_RETIRED
MATCHUP_VECTOR,PEST_CONTROL_V10_VS_MONO_RED_MADNESS_SOTERX_2026_09_11_PREBOARD_V1_BLOCK_A,37,6869952704259594212,0x5f56f996012097e4,gym/src/test/resources/pest-control-v10-vs-mono-red-madness-soterx-2026-09-11-preboard-v1-block-a-seeds.csv,REJECTED_RETIRED
MATCHUP_VECTOR,PEST_CONTROL_V10_VS_MONO_RED_MADNESS_SOTERX_2026_09_11_PREBOARD_V1_BLOCK_A,38,1339184175817367827,0x1295bce9a06b2113,gym/src/test/resources/pest-control-v10-vs-mono-red-madness-soterx-2026-09-11-preboard-v1-block-a-seeds.csv,REJECTED_RETIRED
MATCHUP_VECTOR,PEST_CONTROL_V10_VS_MONO_RED_MADNESS_SOTERX_2026_09_11_PREBOARD_V1_BLOCK_A,39,1483052615069752601,0x1494dc7ef0725d19,gym/src/test/resources/pest-control-v10-vs-mono-red-madness-soterx-2026-09-11-preboard-v1-block-a-seeds.csv,REJECTED_RETIRED
MATCHUP_VECTOR,PEST_CONTROL_V10_VS_MONO_RED_MADNESS_SOTERX_2026_09_11_PREBOARD_V1_BLOCK_A,40,8770942625325004529,0x79b8a5d8e7d436f1,gym/src/test/resources/pest-control-v10-vs-mono-red-madness-soterx-2026-09-11-preboard-v1-block-a-seeds.csv,REJECTED_RETIRED
MATCHUP_VECTOR,PEST_CONTROL_V10_VS_MONO_RED_MADNESS_SOTERX_2026_09_11_PREBOARD_V1_BLOCK_A,41,413623474921983500,0x05bd7c5be57cce0c,gym/src/test/resources/pest-control-v10-vs-mono-red-madness-soterx-2026-09-11-preboard-v1-block-a-seeds.csv,REJECTED_RETIRED
MATCHUP_VECTOR,PEST_CONTROL_V10_VS_MONO_RED_MADNESS_SOTERX_2026_09_11_PREBOARD_V1_BLOCK_A,42,-3806446321149091730,0xcb2cc93d0350e06e,gym/src/test/resources/pest-control-v10-vs-mono-red-madness-soterx-2026-09-11-preboard-v1-block-a-seeds.csv,REJECTED_RETIRED
MATCHUP_VECTOR,PEST_CONTROL_V10_VS_MONO_RED_MADNESS_SOTERX_2026_09_11_PREBOARD_V1_BLOCK_A,43,7770622787895515052,0x6bd6cc414c1157ac,gym/src/test/resources/pest-control-v10-vs-mono-red-madness-soterx-2026-09-11-preboard-v1-block-a-seeds.csv,REJECTED_RETIRED
MATCHUP_VECTOR,PEST_CONTROL_V10_VS_MONO_RED_MADNESS_SOTERX_2026_09_11_PREBOARD_V1_BLOCK_A,44,-6398236813039029418,0xa734e58491fb3356,gym/src/test/resources/pest-control-v10-vs-mono-red-madness-soterx-2026-09-11-preboard-v1-block-a-seeds.csv,REJECTED_RETIRED
MATCHUP_VECTOR,PEST_CONTROL_V10_VS_MONO_RED_MADNESS_SOTERX_2026_09_11_PREBOARD_V1_BLOCK_A,45,7893861959603825960,0x6d8ca1a0f827ad28,gym/src/test/resources/pest-control-v10-vs-mono-red-madness-soterx-2026-09-11-preboard-v1-block-a-seeds.csv,REJECTED_RETIRED
MATCHUP_VECTOR,PEST_CONTROL_V10_VS_MONO_RED_MADNESS_SOTERX_2026_09_11_PREBOARD_V1_BLOCK_A,46,-1994068181789419947,0xe453a58dbe885655,gym/src/test/resources/pest-control-v10-vs-mono-red-madness-soterx-2026-09-11-preboard-v1-block-a-seeds.csv,REJECTED_RETIRED
MATCHUP_VECTOR,PEST_CONTROL_V10_VS_MONO_RED_MADNESS_SOTERX_2026_09_11_PREBOARD_V1_BLOCK_A,47,-3762713184464554280,0xcbc8284b604fb6d8,gym/src/test/resources/pest-control-v10-vs-mono-red-madness-soterx-2026-09-11-preboard-v1-block-a-seeds.csv,REJECTED_RETIRED
MATCHUP_VECTOR,PEST_CONTROL_V10_VS_MONO_RED_MADNESS_SOTERX_2026_09_11_PREBOARD_V1_BLOCK_A,48,-5223240221042951485,0xb78352b16033bac3,gym/src/test/resources/pest-control-v10-vs-mono-red-madness-soterx-2026-09-11-preboard-v1-block-a-seeds.csv,REJECTED_RETIRED
MATCHUP_VECTOR,PEST_CONTROL_V10_VS_MONO_RED_MADNESS_SOTERX_2026_09_11_PREBOARD_V1_BLOCK_A,49,9058840217724607265,0x7db7772ea67f5b21,gym/src/test/resources/pest-control-v10-vs-mono-red-madness-soterx-2026-09-11-preboard-v1-block-a-seeds.csv,REJECTED_RETIRED
MATCHUP_VECTOR,PEST_CONTROL_V10_VS_MONO_RED_MADNESS_SOTERX_2026_09_11_PREBOARD_V1_BLOCK_A,50,-8440242041883447782,0x8ade3c94cb382e1a,gym/src/test/resources/pest-control-v10-vs-mono-red-madness-soterx-2026-09-11-preboard-v1-block-a-seeds.csv,REJECTED_RETIRED
FIXTURE_OR_RESERVED,PestControlArtifactContractTest.zero_seed_record,1,0,0x0000000000000000,repository source at Gate 4,RESERVED_NONZERO_REQUIREMENT
FIXTURE_OR_RESERVED,PestControlArtifactContractTest.withRngSeed,1,175241927,0x000000000a71fac7,repository source at Gate 4,FIXTURE_ONLY
FIXTURE_OR_RESERVED,NONEXPERIMENTAL_GATE4_FIXTURE_ENTROPY,1,88258680997684,0x0000504553544734,repository source at Gate 4,FIXTURE_ONLY
