1	elves	1	1346909474698830974
2	elves	2	4749411514297732591
3	grixis-affinity	1	7326404012161498444
4	grixis-affinity	2	267630186030032077
5	jund-wildfire	1	6119174633626767795
6	jund-wildfire	2	5193942465523560636
7	mono-blue-terror	1	67298692879264230
8	mono-blue-terror	2	8667342609585082881
9	mono-red-madness	1	5060665086463270094
10	mono-red-madness	2	8873557886187948018
11	mono-red-rally	1	953895737062261431
12	mono-red-rally	2	6018970485760905520
13	monster-tron	1	5471010694581151037
14	monster-tron	2	4179641302561865218
15	elves	1	5311499250263773168
16	elves	2	5759749163485092057
17	grixis-affinity	1	5287346899766369122
18	grixis-affinity	2	7347494119490486833
19	jund-wildfire	1	6436128856782512324
20	jund-wildfire	2	2271343224360409762
21	mono-blue-terror	1	2506018108146538371
22	mono-blue-terror	2	1433797836340760874
23	mono-red-madness	1	3717425999908740328
24	mono-red-madness	2	2455991833625627227
25	mono-red-rally	1	8482875154520042132
26	mono-red-rally	2	6888310769223422786
27	monster-tron	1	1908969859655740405
28	monster-tron	2	845861872120160315
29	elves	1	4165903843409865454
30	elves	2	6157399532393396090
31	grixis-affinity	1	3925794164725500072
32	grixis-affinity	2	6589671374588194766
33	jund-wildfire	1	3411728806920212033
34	jund-wildfire	2	8678253942612334137
35	mono-blue-terror	1	314951082960603989
36	mono-blue-terror	2	8255841488624495636
37	mono-red-madness	1	2225675256684591612
38	mono-red-madness	2	8676584734071996599
39	mono-red-rally	1	3096798123277661122
40	mono-red-rally	2	7096161207498570895
41	monster-tron	1	3877652831247203116
42	monster-tron	2	507179455377941590
43	elves	1	1125929735720373696
44	elves	2	3463961745773123544
45	grixis-affinity	1	266492738896897795
46	grixis-affinity	2	4339040514472534108
47	jund-wildfire	1	7974022053212018353
48	jund-wildfire	2	3678432489397333152
49	mono-blue-terror	1	1580618765621980302
50	mono-blue-terror	2	4580952780789434549
51	mono-red-madness	1	3973047985730497316
52	mono-red-madness	2	821098205980858231
53	mono-red-rally	1	8662332956234313028
54	mono-red-rally	2	8127325973467712131
55	monster-tron	1	2645218713726790745
56	monster-tron	2	5213263333040798232
57	elves	1	9095288507859819313
58	elves	2	3058756878399100271
59	grixis-affinity	1	5012433562931980692
60	grixis-affinity	2	7107402319092249588
61	jund-wildfire	1	6384455633931772436
62	jund-wildfire	2	2169040059541824042
63	mono-blue-terror	1	5585766987062750644
64	mono-blue-terror	2	8600928691570419939
65	mono-red-madness	1	5460735732002045169
66	mono-red-madness	2	2469415646208505640
67	mono-red-rally	1	567834322505531562
68	mono-red-rally	2	6257188359907635407
69	monster-tron	1	745947141798602095
70	monster-tron	2	3147261097767823077
71	elves	1	6230517145161578551
72	elves	2	4157255377364280027
73	grixis-affinity	1	6719947748614253007
74	grixis-affinity	2	2593788298980614724
75	jund-wildfire	1	8864444481913690575
76	jund-wildfire	2	8454385840131916100
77	mono-blue-terror	1	8747965346604640224
78	mono-blue-terror	2	4457714573332860351
79	mono-red-madness	1	3904667472544526313
80	mono-red-madness	2	7634398771014266798
81	mono-red-rally	1	6482078180881240348
82	mono-red-rally	2	1415661514118922550
83	monster-tron	1	2100396300836131179
84	monster-tron	2	6153705425937084291
85	elves	1	991899857618635653
86	elves	2	9161355962681219080
87	grixis-affinity	1	7385742819404004777
88	grixis-affinity	2	7511502517612771478
89	jund-wildfire	1	4415015484347251652
90	jund-wildfire	2	7184244108481912928
91	mono-blue-terror	1	1694311958935005621
92	mono-blue-terror	2	7027285008577032118
93	mono-red-madness	1	8523308081912470542
94	mono-red-madness	2	8119350439594726928
95	mono-red-rally	1	957451919027237278
96	mono-red-rally	2	7562494016328888760
97	monster-tron	1	1040961665273952725
98	monster-tron	2	2156997585775626237
99	elves	1	4896965110068322499
100	elves	2	3803694103969027165
101	grixis-affinity	1	4812242538254417777
102	grixis-affinity	2	6595669008492086906
103	jund-wildfire	1	2048850423275349296
104	jund-wildfire	2	6194691235767591109
105	mono-blue-terror	1	816607406350119189
106	mono-blue-terror	2	7790688118248791655
107	mono-red-madness	1	7603285585567135577
108	mono-red-madness	2	7821238868045183200
109	mono-red-rally	1	4210526674575584552
110	mono-red-rally	2	5347723772454405121
111	monster-tron	1	8279008538441032952
112	monster-tron	2	5251387363416657727
113	elves	1	6460435009319903511
114	elves	2	492251854507996908
115	grixis-affinity	1	358522288304539002
116	grixis-affinity	2	3541845101640202026
117	jund-wildfire	1	286119091791191430
118	jund-wildfire	2	4307150614863032506
119	mono-blue-terror	1	439012777995489684
120	mono-blue-terror	2	423434727470409365
121	mono-red-madness	1	722053547894641045
122	mono-red-madness	2	3978493856377287500
123	mono-red-rally	1	4005063786208702777
124	mono-red-rally	2	5597101958192137306
125	monster-tron	1	1755893805939864641
126	monster-tron	2	76545204871236668
127	elves	1	6830022462730001335
128	elves	2	8093335787841678665
129	grixis-affinity	1	4308418405226501156
130	grixis-affinity	2	137115476891588616
131	jund-wildfire	1	3537508555480645163
132	jund-wildfire	2	487988872501944576
133	mono-blue-terror	1	1008465223549870545
134	mono-blue-terror	2	7042728068584477539
135	mono-red-madness	1	2530281420570995607
136	mono-red-madness	2	8780145482897366543
137	mono-red-rally	1	1733649781478490576
138	mono-red-rally	2	4315270469620853090
139	monster-tron	1	3352611872967596139
140	monster-tron	2	2515420289941429209
141	elves	1	6272775313935707983
142	elves	2	3881672775037569269
143	grixis-affinity	1	7113819828593931226
144	grixis-affinity	2	3688610870969667407
145	jund-wildfire	1	6033127965413135479
146	jund-wildfire	2	9212873798071954582
147	mono-blue-terror	1	1750131435755083936
148	mono-blue-terror	2	3121286696119375568
149	mono-red-madness	1	7911040189209730704
150	mono-red-madness	2	1575506020884253444
151	mono-red-rally	1	2085995711692825749
152	mono-red-rally	2	2757738699753730995
153	monster-tron	1	4840019732405918542
154	monster-tron	2	2734436611433979023
155	elves	1	5716931809203001562
156	elves	2	8025717805864682223
157	grixis-affinity	1	4048602394215043764
158	grixis-affinity	2	4800264927194230593
159	jund-wildfire	1	6227410419736524624
160	jund-wildfire	2	7982008475309974020
161	mono-blue-terror	1	6619328402135360344
162	mono-blue-terror	2	7332952623089933082
163	mono-red-madness	1	3366300776578004737
164	mono-red-madness	2	1435319576859036604
165	mono-red-rally	1	3335488740349350236
166	mono-red-rally	2	857671762925959716
167	monster-tron	1	8025377170395544521
168	monster-tron	2	1663817789151716352
169	elves	1	6136632221037610712
170	elves	2	2746482364586689060
171	grixis-affinity	1	1813736523801923617
172	grixis-affinity	2	6484347894014531922
173	jund-wildfire	1	6156003427935691133
174	jund-wildfire	2	6744574815940085951
175	mono-blue-terror	1	6413329372418531910
176	mono-blue-terror	2	4619878065428708056
177	mono-red-madness	1	6657982626380714159
178	mono-red-madness	2	8130070204138211273
179	mono-red-rally	1	3086929317351942851
180	mono-red-rally	2	49153506498458402
181	monster-tron	1	8349411319816183961
182	monster-tron	2	1213617824140976598
183	elves	1	7642633750821436239
184	elves	2	2976816036584803225
185	grixis-affinity	1	1093299402452594189
186	grixis-affinity	2	401247746436858644
187	jund-wildfire	1	240261079048942746
188	jund-wildfire	2	3708303855120996924
189	mono-blue-terror	1	6607037924653782048
190	mono-blue-terror	2	8679052818954445818
191	mono-red-madness	1	274926206241547504
192	mono-red-madness	2	5467452387085834913
193	mono-red-rally	1	7835119118053819607
194	mono-red-rally	2	7979448881812270360
195	monster-tron	1	2750416514734540752
196	monster-tron	2	572123894859720947
197	elves	1	8507846967124291878
198	elves	2	464125932864815766
199	grixis-affinity	1	263710417175610209
200	grixis-affinity	2	5021420961837118355
201	jund-wildfire	1	933925965209995734
202	jund-wildfire	2	6657969315306169235
203	mono-blue-terror	1	7864673034428584208
204	mono-blue-terror	2	7043473130156596620
205	mono-red-madness	1	1104846492787597803
206	mono-red-madness	2	6589007319041132528
207	mono-red-rally	1	1000953289325121386
208	mono-red-rally	2	6129060818334740158
209	monster-tron	1	1493610542477357336
210	monster-tron	2	307846164135876127
211	elves	1	9029387368604415588
212	elves	2	3696145614357136723
213	grixis-affinity	1	7617022290781474374
214	grixis-affinity	2	776572271888071931
215	jund-wildfire	1	6178992284004820665
216	jund-wildfire	2	1222678290772651680
217	mono-blue-terror	1	2661767705292046083
218	mono-blue-terror	2	7550257389957993793
219	mono-red-madness	1	3654177749270707775
220	mono-red-madness	2	5212144669874891154
221	mono-red-rally	1	8314205586983980124
222	mono-red-rally	2	5717814590264472321
223	monster-tron	1	2726374183983760138
224	monster-tron	2	8159253277328729575
